td,cluster,actual,pred,residual,resid_ratio
2023-08-26,always,596.0,722.6855570010157,-126.6855570010157,0.8247016897269505
2023-08-26,b2b,40.0,134.97778082971905,-94.97778082971905,0.29634507067842464
2023-08-26,green,130.0,225.79596227932302,-95.79596227932302,0.5757410304759226
2023-08-26,hwadam,467.0,377.0660981215974,89.9339018784026,1.2385096467871806
2023-08-26,ski,206.0,353.3298770840061,-147.3298770840061,0.5830245709762675
2023-08-27,always,778.0,1217.485113222935,-439.48511322293507,0.6390221872532577
2023-08-27,b2b,4.0,272.1115121311059,-268.1115121311059,0.014699855837311147
2023-08-27,green,252.0,387.9440164008322,-135.9440164008322,0.6495782621882951
2023-08-27,hwadam,664.0,579.7573032833737,84.24269671662626,1.145306831392256
2023-08-27,ski,508.0,701.9758787348909,-193.9758787348909,0.7236715895644784
2023-08-28,always,762.0,1351.613521514648,-589.613521514648,0.5637706251607234
2023-08-28,b2b,753.0,394.35399031137536,358.64600968862464,1.9094519606748337
2023-08-28,green,240.0,433.07506523369096,-193.07506523369096,0.5541764448398662
2023-08-28,hwadam,0.0,357.043957368176,-357.043957368176,0.0
2023-08-28,ski,315.0,742.7953974717962,-427.79539747179615,0.4240737100312479
2023-08-29,always,852.0,1790.2277411180053,-938.2277411180053,0.4759171028530271
2023-08-29,b2b,20.0,538.4111634580117,-518.4111634580117,0.03714633231515399
2023-08-29,green,948.0,832.6357531182017,115.3642468817983,1.1385530785217448
2023-08-29,hwadam,324.0,376.26517943942815,-52.26517943942815,0.8610948280749909
2023-08-29,ski,1348.0,1180.5466306435526,167.4533693564474,1.141843926372619
2023-08-30,always,1785.0,2142.685178733823,-357.6851787338228,0.8330668535518644
2023-08-30,b2b,275.0,727.4854240725996,-452.4854240725996,0.3780144466132373
2023-08-30,green,2250.0,1051.0072752472117,1198.9927247527883,2.140803449215676
2023-08-30,hwadam,325.0,386.19314941736343,-61.19314941736343,0.8415478122548692
2023-08-30,ski,405.0,1523.050237997543,-1118.050237997543,0.26591374985271715
2023-08-31,always,2586.0,2869.4463264834967,-283.4463264834967,0.9012191572055436
2023-08-31,b2b,1374.0,931.2679398194981,442.7320601805019,1.4754078190067554
2023-08-31,green,3576.0,1481.064649338453,2094.935350661547,2.414479342003937
2023-08-31,hwadam,570.0,610.0081608263713,-40.008160826371295,0.9344137285439383
2023-08-31,ski,1488.0,2254.921684485594,-766.9216844855941,0.6598898800955258
2023-09-01,always,3423.0,4056.5148620825453,-633.5148620825453,0.8438277971062802
2023-09-01,b2b,210.0,1072.6296022255037,-862.6296022255037,0.19578053744208596
2023-09-01,green,1218.0,1655.823792192063,-437.8237921920629,0.7355855168547556
2023-09-01,hwadam,1246.0,960.2636696972991,285.73633030270094,1.2975602840340432
2023-09-01,ski,2289.0,3210.0605286522805,-921.0605286522805,0.7130706662908376
2023-09-02,always,4375.0,5019.200630792428,-644.2006307924275,0.8716527434985755
2023-09-02,b2b,322.0,1106.5703461903697,-784.5703461903697,0.29098918212345126
2023-09-02,green,1134.0,1564.2093872460857,-430.2093872460857,0.7249668805507533
2023-09-02,hwadam,4872.0,1860.050253009421,3011.949746990579,2.6192840715553096
2023-09-02,ski,1925.0,2601.6386718692106,-676.6386718692106,0.7399182756677494
2023-09-03,always,4333.0,4738.659059930205,-405.65905993020533,0.9143937019313265
2023-09-03,b2b,0.0,1145.4357030003216,-1145.4357030003216,0.0
2023-09-03,green,378.0,1480.2521485272673,-1102.2521485272673,0.2553618992386397
2023-09-03,hwadam,2814.0,1833.9594442364926,980.0405557635074,1.534385075331649
2023-09-03,ski,1666.0,2518.6610865424773,-852.6610865424773,0.6614625559991566
2023-09-04,always,2009.0,3642.3367973995023,-1633.3367973995023,0.5515689821529832
2023-09-04,b2b,28.0,1105.7448622757372,-1077.7448622757372,0.025322297172941963
2023-09-04,green,0.0,1231.7498210783413,-1231.7498210783413,0.0
2023-09-04,hwadam,0.0,1105.649896591078,-1105.649896591078,0.0
2023-09-04,ski,203.0,1955.0486497655772,-1752.0486497655772,0.10383373325484303
2023-09-05,always,1904.0,3185.3953292014025,-1281.3953292014025,0.5977280064880813
2023-09-05,b2b,504.0,1050.994602570268,-546.994602570268,0.4795457548187583
2023-09-05,green,182.0,1273.2182382641522,-1091.2182382641522,0.14294485778661992
2023-09-05,hwadam,1288.0,673.4119736655556,614.5880263344444,1.9126479040595057
2023-09-05,ski,6314.0,1841.9954787667966,4472.004521233203,3.4278042876778283
2023-09-06,always,1477.0,2949.192586806098,-1472.192586806098,0.5008150388712167
2023-09-06,b2b,196.0,1065.230006343178,-869.230006343178,0.18399782097093498
2023-09-06,green,945.0,1296.9655770563934,-351.9655770563934,0.7286238098506684
2023-09-06,hwadam,840.0,612.2427302511009,227.75726974889915,1.372004857706499
2023-09-06,ski,2898.0,1840.88042995859,1057.11957004141,1.5742467315300808
2023-09-07,always,2884.0,3112.976701514724,-228.97670151472403,0.9264444538234714
2023-09-07,b2b,378.0,926.3033661171766,-548.3033661171766,0.4080736547298516
2023-09-07,green,1323.0,2214.6627515967484,-891.6627515967484,0.597382151772829
2023-09-07,hwadam,875.0,746.7269143402882,128.2730856597118,1.171780450384646
2023-09-07,ski,203.0,2146.8014675843183,-1943.8014675843183,0.09455927949798969
2023-09-08,always,3430.0,3907.116785765938,-477.11678576593795,0.877885199770806
2023-09-08,b2b,259.0,1096.5434390819348,-837.5434390819348,0.23619675315083186
2023-09-08,green,1113.0,1532.4298162026987,-419.4298162026987,0.7262975362604015
2023-09-08,hwadam,2002.0,873.6341321832042,1128.3658678167958,2.2915771330923382
2023-09-08,ski,1820.0,2991.15690322306,-1171.15690322306,0.6084602242158865
2023-09-09,always,4158.0,5109.5051921238155,-951.5051921238155,0.813777429252731
2023-09-09,b2b,280.0,1139.7972896766391,-859.7972896766391,0.24565771697828487
2023-09-09,green,1813.0,1498.1448155643056,314.85518443569435,1.2101633841833228
2023-09-09,hwadam,4431.0,2420.128287293088,2010.8717127069121,1.830894677470206
2023-09-09,ski,2086.0,2395.8722010837632,-309.87220108376323,0.8706641360321332
2023-09-10,always,4830.0,4264.511563730876,565.4884362691237,1.1326033304912408
2023-09-10,b2b,7.0,915.9560641218937,-908.9560641218937,0.0076422879592054896
2023-09-10,green,483.0,1223.0909941228188,-740.0909941228188,0.39490111718662424
2023-09-10,hwadam,4207.0,1917.9533524956923,2289.0466475043077,2.193484004460139
2023-09-10,ski,1253.0,2281.7874785987156,-1028.7874785987156,0.5491308948585731
2023-09-11,always,1666.0,3184.1646181055808,-1518.1646181055808,0.5232141549864928
2023-09-11,b2b,308.0,1159.0654572728295,-851.0654572728295,0.2657313252391238
2023-09-11,green,0.0,1156.5354739977317,-1156.5354739977317,0.0
2023-09-11,hwadam,0.0,1107.2409471733727,-1107.2409471733727,0.0
2023-09-11,ski,1470.0,1959.8585367875694,-489.8585367875694,0.750054135238504
2023-09-12,always,1631.0,3227.8144258086872,-1596.8144258086872,0.5052954677192677
2023-09-12,b2b,637.0,901.0876443034953,-264.08764430349527,0.7069234652444664
2023-09-12,green,1729.0,1228.9235962665512,500.07640373344884,1.4069222897604639
2023-09-12,hwadam,1652.0,875.2969272247772,776.7030727752228,1.8873595332247346
2023-09-12,ski,2821.0,3210.9541645960653,-389.9541645960653,0.878555051051275
2023-09-13,always,1918.0,2817.770352072055,-899.7703520720552,0.6806800272384134
2023-09-13,b2b,497.0,961.6992701260698,-464.6992701260698,0.5167935709619993
2023-09-13,green,1932.0,1149.5137453342993,782.4862546657007,1.6807106551284774
2023-09-13,hwadam,742.0,720.925381038312,21.074618961687975,1.0292327327015942
2023-09-13,ski,2933.0,2220.905519822441,712.094480177559,1.3206324959895144
2023-09-14,always,2898.0,3136.8382571910315,-238.83825719103152,0.9238601937337675
2023-09-14,b2b,1680.0,1028.6264135609492,651.3735864390508,1.6332460238738122
2023-09-14,green,3976.0,1438.7419677799812,2537.258032220019,2.7635254194573045
2023-09-14,hwadam,1757.0,822.3973014073483,934.6026985926517,2.1364369715139984
2023-09-14,ski,2429.0,2252.5499232331044,176.45007676689556,1.078333481068262
2023-09-15,always,5194.0,3880.3835168105234,1313.6164831894766,1.338527487682249
2023-09-15,b2b,1225.0,1036.8780725899758,188.12192741002423,1.181431098200507
2023-09-15,green,2177.0,1563.2828606423582,613.7171393576418,1.3925822733740352
2023-09-15,hwadam,1211.0,1107.4681024504193,103.53189754958066,1.0934852185092307
2023-09-15,ski,3934.0,3125.106890831131,808.8931091688692,1.2588369413993843
2023-09-16,always,5187.0,5111.528182185732,75.47181781426843,1.0147650203861336
2023-09-16,b2b,224.0,1054.9972811026078,-830.9972811026078,0.21232282207011113
2023-09-16,green,826.0,1809.1685169814702,-983.1685169814702,0.4565633285384327
2023-09-16,hwadam,3479.0,2662.4537843216513,816.5462156783487,1.3066893481820159
2023-09-16,ski,3444.0,2554.030855771954,889.9691442280459,1.3484566923758066
2023-09-17,always,4207.0,4499.430314446571,-292.4303144465712,0.9350072578060273
2023-09-17,b2b,0.0,905.17335803774,-905.17335803774,0.0
2023-09-17,green,322.0,1217.3087489333027,-895.3087489333027,0.2645179378544355
2023-09-17,hwadam,3010.0,2243.039507838831,766.960492161169,1.3419291053415887
2023-09-17,ski,1449.0,2341.5576487416242,-892.5576487416242,0.6188188451301665
2023-09-18,always,2107.0,3154.10945890247,-1047.1094589024701,0.6680173999836927
2023-09-18,b2b,56.0,1135.1368400029442,-1079.1368400029442,0.049333259239348407
2023-09-18,green,0.0,1342.247399819223,-1342.247399819223,0.0
2023-09-18,hwadam,0.0,1414.5402403001526,-1414.5402403001526,0.0
2023-09-18,ski,8337.0,2266.139061176276,6070.860938823724,3.678944572656784
2023-09-19,always,1785.0,2845.04538717278,-1060.04538717278,0.6274065109990447
2023-09-19,b2b,4697.0,915.1078907973272,3781.892109202673,5.132728115706156
2023-09-19,green,1750.0,1168.042805350673,581.957194649327,1.498232763374293
2023-09-19,hwadam,1652.0,889.1233157165593,762.8766842834407,1.8580099866896704
2023-09-19,ski,7371.0,2958.5863177637984,4412.413682236202,2.491392580214207
2023-09-20,always,2345.0,2816.837278807072,-471.8372788070719,0.8324939525768792
2023-09-20,b2b,154.0,932.8160182102984,-778.8160182102984,0.16509150464146674
2023-09-20,green,2037.0,1450.9368820004192,586.0631179995808,1.4039204773618894
2023-09-20,hwadam,805.0,714.4969231807498,90.50307681925017,1.1266668531144328
2023-09-20,ski,7721.0,2482.312949290887,5238.6870507091135,3.1104055603487177
2023-09-21,always,3934.0,3070.5956745596873,863.4043254403127,1.2811846354743928
2023-09-21,b2b,840.0,1132.9980273743447,-292.9980273743447,0.7413958186199581
2023-09-21,green,1890.0,2630.331615026301,-740.3316150263008,0.7185405783829663
2023-09-21,hwadam,1925.0,835.3899309035324,1089.6100690964677,2.30431314621901
2023-09-21,ski,1330.0,2536.2357480071005,-1206.2357480071005,0.5243992010778473
2023-09-22,always,3682.0,4473.4485336592925,-791.4485336592925,0.8230786544867466
2023-09-22,b2b,420.0,1244.75356381405,-824.75356381405,0.3374161859903239
2023-09-22,green,3269.0,1606.1153352530432,1662.8846647469568,2.0353457365407506
2023-09-22,hwadam,2954.0,1097.6117977855154,1856.3882022144846,2.6912976026313102
2023-09-22,ski,2982.0,4132.836335685326,-1150.836335685326,0.7215383716629831
2023-09-23,always,4305.0,5754.453585009601,-1449.4535850096008,0.7481162088464074
2023-09-23,b2b,308.0,972.0208413296201,-664.0208413296201,0.31686563384658406
2023-09-23,green,5516.0,1788.668989624423,3727.331010375577,3.083857344202197
2023-09-23,hwadam,7210.0,2891.527821941347,4318.472178058653,2.4934914840830644
2023-09-23,ski,3416.0,3174.7692702740587,241.23072972594127,1.0759837043858993
2023-09-24,always,3549.0,4938.6773199029485,-1389.6773199029485,0.7186134606724504
2023-09-24,b2b,14.0,838.0038899534751,-824.0038899534751,0.01670636636397626
2023-09-24,green,651.0,1194.5157787904013,-543.5157787904013,0.5449907079998726
2023-09-24,hwadam,6727.0,2276.158174696345,4450.841825303654,2.9554185094792134
2023-09-24,ski,1897.0,2438.119286784274,-541.1192867842742,0.7780587316964395
2023-09-25,always,1876.0,3520.485712262194,-1644.4857122621938,0.5328810151013281
2023-09-25,b2b,532.0,1160.9046157758855,-628.9046157758855,0.458263317046457
2023-09-25,green,0.0,1377.5913891497776,-1377.5913891497776,0.0
2023-09-25,hwadam,0.0,1542.3073384151958,-1542.3073384151958,0.0
2023-09-25,ski,973.0,3841.1233429685913,-2868.1233429685913,0.2533113136762805
2023-09-26,always,1176.0,3099.064113615983,-1923.064113615983,0.37946940007893065
2023-09-26,b2b,2723.0,1109.6591221749986,1613.3408778250014,2.4539067408942272
2023-09-26,green,42.0,1323.9912381924107,-1281.9912381924107,0.03172226430844122
2023-09-26,hwadam,987.0,1091.1466868146517,-104.14668681465173,0.9045529917533969
2023-09-26,ski,1449.0,3668.471505624382,-2219.471505624382,0.39498739400822386
2023-09-27,always,2534.0,3190.340074309101,-656.340074309101,0.7942726922454378
2023-09-27,b2b,175.0,816.0758104800439,-641.0758104800439,0.2144408616854591
2023-09-27,green,658.0,1517.1529240809334,-859.1529240809334,0.4337071033222348
2023-09-27,hwadam,889.0,985.0213294777667,-96.0213294777667,0.902518527666122
2023-09-27,ski,357.0,3408.574995046228,-3051.574995046228,0.1047358501775192
2023-09-28,always,7518.0,4022.749893998683,3495.250106001317,1.8688708465857364
2023-09-28,b2b,301.0,997.5833794489749,-696.5833794489749,0.30172916490074275
2023-09-28,green,952.0,2061.8871306264145,-1109.8871306264145,0.46171295502037313
2023-09-28,hwadam,8589.0,1595.8495425833178,6993.150457416682,5.382086325065683
2023-09-28,ski,2632.0,2568.906073875014,63.093926124985956,1.0245606200890844
2023-09-29,always,8946.0,5006.693088619668,3939.306911380332,1.7868081469452302
2023-09-29,b2b,301.0,1077.4872440506297,-776.4872440506297,0.27935365514717536
2023-09-29,green,1092.0,1700.6822183556933,-608.6822183556933,0.6420952651905784
2023-09-29,hwadam,12173.0,1743.6339154972516,10429.366084502748,6.981396663489703
2023-09-29,ski,3941.0,3151.0765457498574,789.9234542501426,1.250683676762973
2023-09-30,always,7056.0,6083.773557970141,972.2264420298588,1.159806480758341
2023-09-30,b2b,427.0,874.3604400380628,-447.36044003806285,0.48835695263318607
2023-09-30,green,882.0,2397.387467915581,-1515.387467915581,0.3679004799198599
2023-09-30,hwadam,10465.0,4364.218561406829,6100.781438593171,2.397909236843205
2023-09-30,ski,3479.0,3076.9642797296274,402.0357202703726,1.1306598594331747
2023-10-01,always,6391.0,5171.723644991706,1219.2763550082936,1.2357582188655885
2023-10-01,b2b,357.0,956.8120452923725,-599.8120452923725,0.3731140319109504
2023-10-01,green,917.0,1563.59197693178,-646.59197693178,0.5864701364095123
2023-10-01,hwadam,11228.0,3576.84026894915,7651.15973105085,3.1390834244042733
2023-10-01,ski,4431.0,2596.719048115414,1834.280951884586,1.7063840630798421
2023-10-02,always,6664.0,4418.65322216467,2245.3467778353297,1.5081518428674854
2023-10-02,b2b,224.0,998.5976851996854,-774.5976851996854,0.22431455962689084
2023-10-02,green,1015.0,1658.673711600701,-643.6737116007009,0.6119346999359359
2023-10-02,hwadam,11200.0,3639.8736958714703,7560.126304128529,3.077029846586053
2023-10-02,ski,4935.0,3239.7319637248193,1695.2680362751807,1.5232741644237997
2023-10-03,always,5124.0,4033.803415123654,1090.1965848763462,1.2702651747452414
2023-10-03,b2b,14.0,1065.8944845450383,-1051.8944845450383,0.013134508342986406
2023-10-03,green,280.0,1428.5085424783551,-1148.5085424783551,0.196008628351792
2023-10-03,hwadam,8876.0,2418.811389585139,6457.188610414862,3.6695709463822075
2023-10-03,ski,3598.0,3100.4676838385135,497.5323161614865,1.1604700860953725
2023-10-04,always,1988.0,3452.517078296484,-1464.5170782964842,0.5758117787445977
2023-10-04,b2b,35.0,713.4785380937094,-678.4785380937094,0.049055434930830456
2023-10-04,green,1330.0,1321.3759329545164,8.62406704548357,1.0065265809906199
2023-10-04,hwadam,2429.0,1574.964375852953,854.035624147047,1.5422571057739176
2023-10-04,ski,1309.0,2467.90843292662,-1158.9084329266202,0.5304086580099309
2023-10-05,always,2331.0,4444.812869445158,-2113.812869445158,0.524431526920722
2023-10-05,b2b,987.0,995.547580969572,-8.547580969571982,0.9914141914128831
2023-10-05,green,2100.0,1630.182324653436,469.8176753465641,1.2881994659379243
2023-10-05,hwadam,2191.0,2887.699120000748,-696.6991200007478,0.7587355569092089
2023-10-05,ski,1953.0,2614.837408954578,-661.8374089545782,0.7468915632428621
2023-10-06,always,5334.0,5248.156450018107,85.84354998189337,1.0163568961404719
2023-10-06,b2b,462.0,1033.7701952747402,-571.7701952747402,0.4469078351375921
2023-10-06,green,1302.0,1588.7531922022595,-286.75319220225947,0.8195105485171206
2023-10-06,hwadam,3633.0,4090.0754466346684,-457.0754466346684,0.88824767352134
2023-10-06,ski,2534.0,3105.4381324380406,-571.4381324380406,0.8159879192346325
2023-10-07,always,5411.0,6159.0753021947285,-748.0753021947285,0.8785409715760158
2023-10-07,b2b,252.0,908.2842914961965,-656.2842914961965,0.27744617226054413
2023-10-07,green,1001.0,1714.148740727398,-713.148740727398,0.5839633260619065
2023-10-07,hwadam,11788.0,6021.32389836824,5766.67610163176,1.9577090020343384
2023-10-07,ski,3934.0,3344.3047421062856,589.6952578937144,1.1763282067178833
2023-10-08,always,7546.0,5816.327814930712,1729.6721850692884,1.2973821696619576
2023-10-08,b2b,280.0,835.5969069334492,-555.5969069334492,0.3350897994914437
2023-10-08,green,1085.0,1467.1234259679738,-382.12342596797384,0.7395424139479896
2023-10-08,hwadam,11977.0,5878.867097198044,6098.132902801956,2.0372972890828605
2023-10-08,ski,5677.0,3170.2550829741785,2506.7449170258215,1.7907076406842681
2023-10-09,always,5866.0,5069.4882648758,796.5117351241997,1.1571187649536288
2023-10-09,b2b,0.0,969.2712927662787,-969.2712927662787,0.0
2023-10-09,green,210.0,1691.971226852441,-1481.971226852441,0.12411558581327717
2023-10-09,hwadam,12061.0,5487.786425322716,6573.213574677284,2.1977896122826497
2023-10-09,ski,4557.0,3475.8229025054547,1081.1770974945453,1.3110564398189584
2023-10-10,always,3115.0,3730.056121282431,-615.0561212824309,0.8351080784621094
2023-10-10,b2b,763.0,973.4233767794789,-210.42337677947887,0.7838315970224038
2023-10-10,green,1036.0,1468.3738571087918,-432.37385710879175,0.7055423896199501
2023-10-10,hwadam,5908.0,2635.4553531542488,3272.5446468457512,2.2417378434922077
2023-10-10,ski,2086.0,3135.28560445811,-1049.28560445811,0.665330136761348
2023-10-11,always,3577.0,3488.6298730480667,88.37012695193334,1.025330897850371
2023-10-11,b2b,308.0,826.0870471731206,-518.0870471731206,0.3728420643490048
2023-10-11,green,1715.0,1494.2986334670557,220.70136653294435,1.1476956222738928
2023-10-11,hwadam,6426.0,1820.8756201300741,4605.124379869926,3.529071359383108
2023-10-11,ski,3157.0,2762.9840743168156,394.0159256831844,1.1426052105568543
2023-10-12,always,3689.0,4164.231765688514,-475.2317656885143,0.8858776858665215
2023-10-12,b2b,1708.0,1154.9623033849305,553.0376966150695,1.4788361446899543
2023-10-12,green,2268.0,2328.429438082262,-60.429438082262095,0.9740471250303239
2023-10-12,hwadam,7098.0,2537.1843028767967,4560.815697123204,2.7975894348518175
2023-10-12,ski,3962.0,2753.5231145530565,1208.4768854469435,1.4388838717422932
2023-10-13,always,6223.0,6170.238704785437,52.76129521456278,1.0085509325876878
2023-10-13,b2b,1155.0,1050.5073709623118,104.49262903768818,1.0994687252331874
2023-10-13,green,3717.0,2393.9395564633737,1323.0604435366263,1.552670780665497
2023-10-13,hwadam,9646.0,3625.9187830364267,6020.081216963574,2.6602912467670388
2023-10-13,ski,7126.0,3621.9524414431266,3504.0475585568734,1.9674471476938347
2023-10-14,always,6825.0,6530.522131123994,294.47786887600614,1.0450925458888725
2023-10-14,b2b,441.0,972.2982843001606,-531.2982843001606,0.4535645152530762
2023-10-14,green,1134.0,2215.134736134137,-1081.1347361341368,0.5119327422850413
2023-10-14,hwadam,9380.0,7041.016671406543,2338.9833285934574,1.3321939767721374
2023-10-14,ski,2128.0,4015.7255857754344,-1887.7255857754344,0.5299166874195375
2023-10-15,always,5908.0,5652.990469402365,255.0095305976347,1.0451105537817393
2023-10-15,b2b,0.0,879.3543217626199,-879.3543217626199,0.0
2023-10-15,green,553.0,1646.536256228499,-1093.536256228499,0.3358565582191815
2023-10-15,hwadam,11753.0,6607.597835132576,5145.402164867424,1.778709947737639
2023-10-15,ski,4641.0,3584.4593330475727,1056.5406669524273,1.2947559363308878
2023-10-16,always,4137.0,4758.938345479913,-621.9383454799126,0.8693115354035558
2023-10-16,b2b,637.0,1049.925476743766,-412.925476743766,0.6067097276042761
2023-10-16,green,2583.0,1570.474916298011,1012.5250837019889,1.644725409616064
2023-10-16,hwadam,0.0,5739.578233303717,-5739.578233303717,0.0
2023-10-16,ski,525.0,3166.579856007935,-2641.579856007935,0.1657940187435729
2023-10-17,always,5257.0,3951.066052731454,1305.933947268546,1.3305269843225545
2023-10-17,b2b,553.0,936.398659904217,-383.39865990421697,0.590560435078544
2023-10-17,green,756.0,1725.9353008823625,-969.9353008823625,0.43802337179933953
2023-10-17,hwadam,11305.0,3465.7958812904626,7839.204118709537,3.261877036968106
2023-10-17,ski,3080.0,3018.8150514556983,61.18494854430173,1.0202678691809217
2023-10-18,always,4676.0,3620.4072312125995,1055.5927687874005,1.2915674125515006
2023-10-18,b2b,462.0,872.3523569126577,-410.3523569126577,0.5296025124928466
2023-10-18,green,1834.0,1588.1226509304272,245.8773490695728,1.1548226447910188
2023-10-18,hwadam,12201.0,2427.893214777147,9773.106785222853,5.025344576828892
2023-10-18,ski,7266.0,3087.6908208492255,4178.309179150774,2.3532148850323007
2023-10-19,always,5026.0,4854.952307980997,171.04769201900308,1.0352315905838705
2023-10-19,b2b,245.0,1103.30875933161,-858.30875933161,0.2220593264830257
2023-10-19,green,4704.0,2362.2420222361507,2341.7579777638493,1.9913285580903728
2023-10-19,hwadam,8491.0,4095.7793612022933,4395.220638797707,2.0731097188564167
2023-10-19,ski,1638.0,3206.7976870868847,-1568.7976870868847,0.5107899405677787
2023-10-20,always,5110.0,6146.820542361591,-1036.820542361591,0.8313240910131976
2023-10-20,b2b,322.0,989.8329016145168,-667.8329016145168,0.32530743267352064
2023-10-20,green,2646.0,2746.8924668591117,-100.89246685911166,0.963270325257954
2023-10-20,hwadam,10703.0,5496.89127280654,5206.10872719346,1.947100546257555
2023-10-20,ski,3059.0,4083.5163341336106,-1024.5163341336106,0.7491092846697331
2023-10-21,always,5285.0,6573.17462888673,-1288.1746288867298,0.8040254973258024
2023-10-21,b2b,266.0,936.237524730821,-670.237524730821,0.28411593529801965
2023-10-21,green,931.0,2362.882397676372,-1431.882397676372,0.3940102989956391
2023-10-21,hwadam,12208.0,6490.385863982451,5717.614136017549,1.8809359344483203
2023-10-21,ski,4074.0,3603.8366903746364,470.1633096253636,1.1304618799406496
2023-10-22,always,6951.0,5890.773113531081,1060.2268864689186,1.1799809407076944
2023-10-22,b2b,7.0,900.9280619572023,-893.9280619572023,0.007769765751100034
2023-10-22,green,805.0,1563.7786586386148,-758.7786586386148,0.5147787351829012
2023-10-22,hwadam,12558.0,7460.370196760154,5097.629803239846,1.6832944838921822
2023-10-22,ski,5656.0,3543.7803070477266,2112.2196929522734,1.5960357330141421
2023-10-23,always,5054.0,4768.4824660103195,285.5175339896805,1.0598759743849004
2023-10-23,b2b,392.0,938.3476998257876,-546.3476998257876,0.41775559323348715
2023-10-23,green,1841.0,2062.817982873803,-221.81798287380298,0.8924684656060742
2023-10-23,hwadam,13202.0,3279.709293585175,9922.290706414824,4.025356767388487
2023-10-23,ski,2800.0,2579.9118955233653,220.08810447663473,1.0853083800491516
2023-10-24,always,6300.0,4249.220310996042,2050.779689003958,1.482624937967324
2023-10-24,b2b,490.0,1020.2382859775563,-530.2382859775563,0.4802799568833072
2023-10-24,green,140.0,1435.2873005744982,-1295.2873005744982,0.09754144688938766
2023-10-24,hwadam,11487.0,4974.865551893074,6512.134448106926,2.309007123947074
2023-10-24,ski,4018.0,2890.2194125036362,1127.7805874963638,1.3902058724736854
2023-10-25,always,4648.0,3722.7466051880124,925.2533948119876,1.2485405247626997
2023-10-25,b2b,399.0,939.2664417290831,-540.2664417290831,0.42479959069493234
2023-10-25,green,2352.0,1471.5315163864545,880.4684836135455,1.5983347782965978
2023-10-25,hwadam,13545.0,4855.988628777604,8689.011371222396,2.7893393159385704
2023-10-25,ski,5208.0,3405.7024577436277,1802.2975422563723,1.5291999417501798
2023-10-26,always,5103.0,4600.812910690171,502.1870893098294,1.1091518170936658
2023-10-26,b2b,63.0,1231.493600612592,-1168.493600612592,0.051157391291892534
2023-10-26,green,2765.0,2838.56823915482,-73.56823915481982,0.9740826244231054
2023-10-26,hwadam,11753.0,4899.459975422582,6853.540024577418,2.3988358021000664
2023-10-26,ski,2996.0,3052.078906942505,-56.078906942505,0.9816259970163473
2023-10-27,always,6153.0,5691.215211120344,461.78478887965593,1.0811399273704063
2023-10-27,b2b,497.0,1078.069472219266,-581.0694722192659,0.4610092510799864
2023-10-27,green,672.0,2205.8035338615286,-1533.8035338615286,0.30465088557709485
2023-10-27,hwadam,13314.0,6465.912351150169,6848.087648849831,2.0591061673812634
2023-10-27,ski,2898.0,3456.9050728201646,-558.9050728201646,0.8383221230994907
2023-10-28,always,6146.0,6378.321510581906,-232.3215105819063,0.9635763875815173
2023-10-28,b2b,448.0,884.235352778856,-436.23535277885605,0.5066524411086775
2023-10-28,green,1113.0,1527.920937019712,-414.920937019712,0.7284408329209517
2023-10-28,hwadam,14525.0,8853.815547229182,5671.184452770818,1.640535645058206
2023-10-28,ski,3822.0,3492.443939176953,329.5560608230471,1.0943625915154165
2023-10-29,always,7448.0,6183.696661988017,1264.3033380119832,1.2044575287439017
2023-10-29,b2b,14.0,851.2470365633512,-837.2470365633512,0.016446459604159924
2023-10-29,green,791.0,1453.9435505966455,-662.9435505966455,0.5440376276475124
2023-10-29,hwadam,14651.0,9690.509141604234,4960.490858395766,1.5118916649176775
2023-10-29,ski,3661.0,4075.7548801435278,-414.75488014352777,0.8982385122902872
2023-10-30,always,7035.0,5414.816713476724,1620.1832865232764,1.299212950734023
2023-10-30,b2b,294.0,913.6295432520807,-619.6295432520807,0.3217934469954876
2023-10-30,green,0.0,1571.1628849030658,-1571.1628849030658,0.0
2023-10-30,hwadam,13762.0,7085.139672793913,6676.860327206087,1.942375258012828
2023-10-30,ski,2345.0,2946.268223907437,-601.268223907437,0.7959221027371312
2023-10-31,always,6055.0,4641.123045317175,1413.8769546828253,1.3046411269163412
2023-10-31,b2b,252.0,1029.3386398930475,-777.3386398930475,0.24481739073370823
2023-10-31,green,721.0,1510.5846172213041,-789.5846172213041,0.47729865098604524
2023-10-31,hwadam,14014.0,5749.45323744483,8264.54676255517,2.4374491662494324
2023-10-31,ski,2471.0,2770.858671826843,-299.85867182684296,0.8917813185942304
2023-11-01,always,6174.0,3888.2252102851476,2285.7747897148524,1.587870986399788
2023-11-01,b2b,77.0,812.6706640631596,-735.6706640631596,0.09474932885483814
2023-11-01,green,4410.0,1509.1638904321296,2900.83610956787,2.922147838255826
2023-11-01,hwadam,11872.0,6891.599086351804,4980.400913648196,1.7226771103837766
2023-11-01,ski,2422.0,2975.8023330434407,-553.8023330434407,0.81389814541981
2023-11-02,always,5306.0,4151.4437825464665,1154.5562174535335,1.2781095633060306
2023-11-02,b2b,938.0,944.4141697411043,-6.414169741104274,0.9932083084449457
2023-11-02,green,2366.0,2142.350097682581,223.64990231741922,1.1043946563912899
2023-11-02,hwadam,16184.0,6961.633783419224,9222.366216580776,2.3247416487988812
2023-11-02,ski,4032.0,2559.79188536974,1472.2081146302598,1.5751280496842468
2023-11-03,always,7336.0,5171.53520307729,2164.46479692271,1.41853428661469
2023-11-03,b2b,1211.0,923.9148492528672,287.08515074713284,1.3107268499681406
2023-11-03,green,2520.0,1718.0577158789927,801.9422841210073,1.4667726099706246
2023-11-03,hwadam,13580.0,8308.7046194014,5271.2953805986,1.634430470459831
2023-11-03,ski,3976.0,3122.238964241648,853.7610357583521,1.2734451288118236
2023-11-04,always,6370.0,5939.4586211188125,430.5413788811875,1.0724883202907283
2023-11-04,b2b,420.0,875.7996271255618,-455.79962712556176,0.4795617479062769
2023-11-04,green,343.0,1854.074870740682,-1511.074870740682,0.18499792290641173
2023-11-04,hwadam,15491.0,10147.986112940778,5343.013887059222,1.5265097752002021
2023-11-04,ski,3066.0,3531.0138011860718,-465.01380118607176,0.8683058669921162
2023-11-05,always,5579.0,5845.267194913086,-266.2671949130863,0.9544473869141844
2023-11-05,b2b,0.0,690.8364810180473,-690.8364810180473,0.0
2023-11-05,green,301.0,1392.3168100394619,-1091.3168100394619,0.2161864295752264
2023-11-05,hwadam,11977.0,10706.4963279044,1270.5036720955995,1.118666614472587
2023-11-05,ski,1876.0,3424.6564521028613,-1548.6564521028613,0.5477921730946381
2023-11-06,always,5425.0,5147.267202903501,277.73279709649887,1.0539573303946284
2023-11-06,b2b,42.0,816.3022739613655,-774.3022739613655,0.05145152885117138
2023-11-06,green,308.0,1466.7671302759445,-1158.7671302759445,0.20998561642300753
2023-11-06,hwadam,8708.0,8387.925696797265,320.0743032027349,1.0381589340168986
2023-11-06,ski,1435.0,2634.178687612317,-1199.178687612317,0.5447618290848442
2023-11-07,always,4970.0,4044.453265769764,925.5467342302359,1.2288434736194387
2023-11-07,b2b,1512.0,850.2936736301356,661.7063263698644,1.778209161012406
2023-11-07,green,721.0,1274.202122673162,-553.202122673162,0.565844293594023
2023-11-07,hwadam,10283.0,8364.6027486031,1918.3972513969002,1.2293470842613865
2023-11-07,ski,5264.0,2140.5101853557367,3123.4898146442633,2.459226793693188
2023-11-08,always,5047.0,3870.6551137961947,1176.3448862038053,1.3039136403579212
2023-11-08,b2b,364.0,634.7589369132187,-270.7589369132187,0.5734460420047058
2023-11-08,green,2261.0,1517.4315000562547,743.5684999437453,1.490017836005236
2023-11-08,hwadam,11655.0,8420.424064875797,3234.575935124203,1.384134564981902
2023-11-08,ski,2723.0,2204.4034220742583,518.5965779257417,1.2352548416195808
2023-11-09,always,5215.0,3953.25342907519,1261.74657092481,1.3191666290971835
2023-11-09,b2b,1484.0,835.3085944442188,648.6914055557812,1.7765889275775915
2023-11-09,green,3332.0,1912.3490881838134,1419.6509118161866,1.7423597085846132
2023-11-09,hwadam,12467.0,7414.294849556812,5052.705150443188,1.6814815505678484
2023-11-09,ski,2611.0,2232.8198301987336,378.1801698012664,1.169373347856556
2023-11-10,always,5208.0,4594.585699480494,613.4143005195056,1.1335080768193884
2023-11-10,b2b,595.0,807.0511142824907,-212.05111428249074,0.7372519403916381
2023-11-10,green,1960.0,1966.132943730671,-6.132943730671059,0.9968807075074821
2023-11-10,hwadam,8645.0,9112.405485505644,-467.4054855056438,0.9487066849418513
2023-11-10,ski,3052.0,2858.0159032211427,193.9840967788573,1.0678736939707811
2023-11-11,always,6496.0,5642.012391460167,853.9876085398328,1.151362235544261
2023-11-11,b2b,420.0,775.6196027588437,-355.6196027588437,0.541502559381015
2023-11-11,green,196.0,1446.408365483972,-1250.408365483972,0.13550806582511565
2023-11-11,hwadam,9401.0,10419.223306133988,-1018.2233061339884,0.9022745480908791
2023-11-11,ski,2793.0,2981.1752598201033,-188.1752598201033,0.9368788335404814
2023-11-12,always,5698.0,5420.58637996369,277.41362003631,1.0511777878979522
2023-11-12,b2b,14.0,690.6293696885218,-676.6293696885218,0.02027136495268669
2023-11-12,green,343.0,1057.1902769727292,-714.1902769727292,0.3244449059654451
2023-11-12,hwadam,8981.0,10003.851501339435,-1022.8515013394353,0.8977542298381295
2023-11-12,ski,1617.0,2831.936208499351,-1214.9362084993509,0.57098743790449
2023-11-13,always,4424.0,4605.723011906278,-181.72301190627786,0.96054408581747
2023-11-13,b2b,14.0,887.553208667871,-873.553208667871,0.015773702199795556
2023-11-13,green,868.0,1476.1081713987876,-608.1081713987876,0.5880327856849861
2023-11-13,hwadam,5621.0,6825.102248331789,-1204.1022483317893,0.8235774052138047
2023-11-13,ski,840.0,2581.259587134889,-1741.259587134889,0.3254225201473718
2023-11-14,always,4452.0,4006.179180288009,445.82081971199113,1.1112832950422205
2023-11-14,b2b,21.0,695.1426706138296,-674.1426706138296,0.03020962586206431
2023-11-14,green,126.0,1133.9713930259322,-1007.9713930259322,0.1111139141383248
2023-11-14,hwadam,6706.0,7618.127819648065,-912.1278196480653,0.8802687692774623
2023-11-14,ski,826.0,2707.3694161301128,-1881.3694161301128,0.30509320046197325
2023-11-15,always,3080.0,3961.682351937305,-881.6823519373052,0.7774474898255906
2023-11-15,b2b,539.0,652.0872862070063,-113.08728620700629,0.8265764590124113
2023-11-15,green,1764.0,1646.4840313868615,117.51596861313851,1.0713738890708542
2023-11-15,hwadam,5362.0,8329.42300806174,-2967.42300806174,0.6437420689056516
2023-11-15,ski,742.0,2383.687792822477,-1641.6877928224771,0.31128237608726966
2023-11-16,always,3801.0,4748.459388595993,-947.459388595993,0.8004701501983079
2023-11-16,b2b,1022.0,890.3002232323475,131.69977676765245,1.1479273770026697
2023-11-16,green,490.0,2101.523395295398,-1611.5233952953981,0.23316418989050738
2023-11-16,hwadam,2639.0,8969.796377312307,-6330.7963773123065,0.2942095772290814
2023-11-16,ski,966.0,2697.7265737417815,-1731.7265737417815,0.3580792840173367
2023-11-17,always,3220.0,5476.33463071281,-2256.3346307128104,0.5879845219722957
2023-11-17,b2b,168.0,898.812217740929,-730.812217740929,0.18691334706402915
2023-11-17,green,1610.0,1800.7367501535712,-190.73675015357117,0.8940784930738462
2023-11-17,hwadam,3479.0,8623.896263645065,-5144.896263645065,0.4034139434939736
2023-11-17,ski,2415.0,3272.9870722777664,-857.9870722777664,0.737858093133051
2023-11-18,always,5915.0,6278.59073414902,-363.59073414902014,0.9420903910536064
2023-11-18,b2b,448.0,766.8856514381359,-318.88565143813594,0.5841809651280714
2023-11-18,green,329.0,1467.9979055299555,-1138.9979055299555,0.2241147611727887
2023-11-18,hwadam,5383.0,9755.62668899101,-4372.626688991009,0.5517841315181305
2023-11-18,ski,1225.0,3647.392287749892,-2422.392287749892,0.33585638816923447
2023-11-19,always,4718.0,6166.8139946732645,-1448.8139946732645,0.7650628029441601
2023-11-19,b2b,21.0,650.9980302426648,-629.9980302426648,0.032258162120969984
2023-11-19,green,182.0,1012.9841786016489,-830.9841786016489,0.17966716938386718
2023-11-19,hwadam,5908.0,9501.173476682548,-3593.1734766825484,0.6218179274906631
2023-11-19,ski,791.0,3088.112245538046,-2297.112245538046,0.25614353919385563
2023-11-20,always,2303.0,4886.788774684542,-2583.7887746845417,0.471270624981876
2023-11-20,b2b,14.0,857.9667941951509,-843.9667941951509,0.016317647832901558
2023-11-20,green,581.0,1246.508705406881,-665.5087054068811,0.4661018390644548
2023-11-20,hwadam,0.0,7383.202985584945,-7383.202985584945,0.0
2023-11-20,ski,357.0,2693.093229434514,-2336.093229434514,0.13256132245929028
2023-11-21,always,2842.0,4525.110737829231,-1683.1107378292309,0.628050928398573
2023-11-21,b2b,203.0,915.4317417074554,-712.4317417074554,0.22175328946030004
2023-11-21,green,35.0,1190.2144203767975,-1155.2144203767975,0.029406466096184348
2023-11-21,hwadam,2324.0,6712.595573039054,-4388.595573039054,0.34621480986196734
2023-11-21,ski,504.0,2475.7380051723144,-1971.7380051723144,0.20357566065029606
2023-11-22,always,3913.0,4400.893563842286,-487.8935638422863,0.8891376133586104
2023-11-22,b2b,70.0,723.2468762913766,-653.2468762913766,0.09678576195025126
2023-11-22,green,1708.0,1760.5627258279494,-52.56272582794941,0.9701443606314961
2023-11-22,hwadam,1071.0,6505.815751076929,-5434.815751076929,0.1646219384283537
2023-11-22,ski,448.0,2422.0878429879967,-1974.0878429879967,0.18496438983291663
2023-11-23,always,4235.0,4354.852135268702,-119.85213526870211,0.9724784834143841
2023-11-23,b2b,581.0,926.6794517686851,-345.6794517686851,0.6269697670441359
2023-11-23,green,1218.0,1507.5610695362238,-289.56106953622384,0.8079274694820141
2023-11-23,hwadam,1498.0,5392.927837192472,-3894.927837192472,0.2777711931669107
2023-11-23,ski,868.0,2246.299683816254,-1378.299683816254,0.386413267229486
2023-11-24,always,5397.0,4819.706915552364,577.2930844476359,1.119777632657457
2023-11-24,b2b,329.0,920.3317001283328,-591.3317001283328,0.35747980858871165
2023-11-24,green,924.0,1472.9172272667056,-548.9172272667056,0.6273264939094154
2023-11-24,hwadam,651.0,4577.054872455822,-3926.054872455822,0.14223119847604218
2023-11-24,ski,3444.0,2914.506256024096,529.4937439759042,1.181675281321313
2023-11-25,always,4914.0,6090.175499656086,-1176.1754996560858,0.8068732995095946
2023-11-25,b2b,336.0,768.743075793642,-432.743075793642,0.4370771075279179
2023-11-25,green,399.0,1253.5980712440041,-854.5980712440041,0.31828383367250523
2023-11-25,hwadam,4088.0,7553.527150526887,-3465.5271505268875,0.5412041180940015
2023-11-25,ski,1596.0,2844.745534442511,-1248.7455344425111,0.5610343634172433
2023-11-26,always,3794.0,5581.051959358484,-1787.051959358484,0.6798001573230475
2023-11-26,b2b,0.0,651.5453955287369,-651.5453955287369,0.0
2023-11-26,green,448.0,951.3839662524987,-503.3839662524987,0.4708929474233962
2023-11-26,hwadam,3374.0,7052.37568340517,-3678.37568340517,0.4784203439330812
2023-11-26,ski,707.0,2358.681072452607,-1651.6810724526072,0.29974378827945836
2023-11-27,always,1722.0,4365.115484300621,-2643.1154843006207,0.3944912812028154
2023-11-27,b2b,28.0,804.9483040246771,-776.9483040246771,0.03478484252964102
2023-11-27,green,2219.0,1161.6676080111524,1057.3323919888476,1.9101849657313479
2023-11-27,hwadam,0.0,2812.5144604573993,-2812.5144604573993,0.0
2023-11-27,ski,1001.0,2264.5741777182784,-1263.5741777182784,0.44202570613455444
2023-11-28,always,1477.0,4139.749101984799,-2662.7491019847994,0.35678490739737184
2023-11-28,b2b,238.0,956.1973551572487,-718.1973551572487,0.2489025918303867
2023-11-28,green,147.0,1115.1398210186028,-968.1398210186028,0.13182203453709124
2023-11-28,hwadam,0.0,2934.5007901837807,-2934.5007901837807,0.0
2023-11-28,ski,1533.0,2350.0392320724077,-817.0392320724077,0.6523295352172088
2023-11-29,always,1435.0,4082.7385385216253,-2647.7385385216253,0.35147976939018455
2023-11-29,b2b,0.0,875.4182775390481,-875.4182775390481,0.0
2023-11-29,green,91.0,1702.891786831805,-1611.891786831805,0.05343851012946843
2023-11-29,hwadam,0.0,2466.6309333270724,-2466.6309333270724,0.0
2023-11-29,ski,203.0,2089.862890137132,-1886.8628901371321,0.09713555896802378
2023-11-30,always,1456.0,4569.758706109597,-3113.7587061095974,0.31861638516129576
2023-11-30,b2b,448.0,962.8926771217587,-514.8926771217587,0.46526472850447276
2023-11-30,green,1659.0,1556.2221244486461,102.77787555135387,1.0660431913521131
2023-11-30,hwadam,0.0,2618.9926042362204,-2618.9926042362204,0.0
2023-11-30,ski,896.0,2357.4753630080563,-1461.4753630080563,0.38006759860969885
2023-12-01,always,4550.0,5311.037998187464,-761.0379981874639,0.8567063541162407
2023-12-01,b2b,119.0,924.8006530224391,-805.8006530224391,0.1286763797268995
2023-12-01,green,560.0,1612.2630684803353,-1052.2630684803353,0.34733785754196866
2023-12-01,hwadam,0.0,2155.695401430261,-2155.695401430261,0.0
2023-12-01,ski,1092.0,3411.4659961541024,-2319.4659961541024,0.32009699092151594
2023-12-02,always,4445.0,6047.919345222684,-1602.9193452226837,0.7349635050128691
2023-12-02,b2b,476.0,966.2118847585579,-490.21188475855786,0.49264556512772084
2023-12-02,green,105.0,1266.6929010696877,-1161.6929010696877,0.08289302001403052
2023-12-02,hwadam,0.0,3684.5497846102426,-3684.5497846102426,0.0
2023-12-02,ski,1694.0,2841.6471655978125,-1147.6471655978125,0.5961331232491787
2023-12-03,always,2548.0,5521.514293567363,-2973.514293567363,0.46146760916085167
2023-12-03,b2b,14.0,790.660727196958,-776.660727196958,0.0177067097408931
2023-12-03,green,77.0,1203.003471534336,-1126.003471534336,0.06400646533612457
2023-12-03,hwadam,0.0,3063.219735730771,-3063.219735730771,0.0
2023-12-03,ski,406.0,2599.906627922192,-2193.906627922192,0.1561594542048879
2023-12-04,always,1386.0,4534.017034747511,-3148.0170347475114,0.30568919114728976
2023-12-04,b2b,252.0,882.9396646540547,-630.9396646540547,0.285410215542572
2023-12-04,green,0.0,1365.9724612309901,-1365.9724612309901,0.0
2023-12-04,hwadam,0.0,1447.3715029562993,-1447.3715029562993,0.0
2023-12-04,ski,2100.0,2369.1752874910862,-269.17528749108624,0.8863843933742286
2023-12-05,always,2030.0,3806.7719580079106,-1776.7719580079106,0.533260206388171
2023-12-05,b2b,21.0,846.1295556893583,-825.1295556893583,0.024818894292010504
2023-12-05,green,119.0,1125.4461620802292,-1006.4461620802292,0.10573584415628128
2023-12-05,hwadam,0.0,1016.0852641098517,-1016.0852641098517,0.0
2023-12-05,ski,2177.0,2300.602026839178,-123.60202683917805,0.9462740511408676
2023-12-06,always,1337.0,3689.414906646656,-2352.414906646656,0.3623880842437458
2023-12-06,b2b,63.0,929.7642187035107,-866.7642187035107,0.06775911433529778
2023-12-06,green,2184.0,1365.6121121803208,818.3878878196792,1.599282827473645
2023-12-06,hwadam,0.0,945.1791500555328,-945.1791500555328,0.0
2023-12-06,ski,1393.0,2234.193522389572,-841.1935223895721,0.6234911998626345
2023-12-07,always,2163.0,3902.496079521126,-1739.496079521126,0.554260646500232
2023-12-07,b2b,1351.0,885.3984684074134,465.60153159258664,1.5258666557556564
2023-12-07,green,3136.0,1618.5675836464577,1517.4324163535423,1.9375156352352807
2023-12-07,hwadam,0.0,1022.7537172056088,-1022.7537172056088,0.0
2023-12-07,ski,2478.0,2283.9714700898885,194.0285299101115,1.0849522563880691
2023-12-08,always,3430.0,4582.746574199026,-1152.7465741990263,0.7484594542737717
2023-12-08,b2b,707.0,850.3613144036007,-143.36131440360066,0.8314112930876367
2023-12-08,green,2464.0,1266.431520834628,1197.568479165372,1.9456243464124516
2023-12-08,hwadam,0.0,1042.2697409135121,-1042.2697409135121,0.0
2023-12-08,ski,13272.0,2746.827870265782,10525.172129734217,4.8317552561878605
2023-12-09,always,3654.0,5353.732773921482,-1699.7327739214816,0.6825144538029552
2023-12-09,b2b,427.0,974.140281338369,-547.140281338369,0.43833522561385685
2023-12-09,green,119.0,1068.1712822050054,-949.1712822050054,0.11140535416225626
2023-12-09,hwadam,0.0,1544.4165637223111,-1544.4165637223111,0.0
2023-12-09,ski,23968.0,2848.4027979759735,21119.597202024026,8.41454025288532
2023-12-10,always,3185.0,4296.586537348327,-1111.5865373483266,0.7412861284915836
2023-12-10,b2b,245.0,741.8154557552128,-496.81545575521284,0.3302708215354926
2023-12-10,green,147.0,958.5131912943655,-811.5131912943655,0.1533625215960699
2023-12-10,hwadam,0.0,1082.705031675143,-1082.705031675143,0.0
2023-12-10,ski,18277.0,2218.3810463506593,16058.61895364934,8.23889116347551
2023-12-11,always,3535.0,3398.232802406159,136.76719759384105,1.040246565066702
2023-12-11,b2b,21.0,720.7562439499292,-699.7562439499292,0.029136063927680474
2023-12-11,green,1505.0,1326.5813557633844,178.4186442366156,1.1344950639185971
2023-12-11,hwadam,0.0,1117.9689091531147,-1117.9689091531147,0.0
2023-12-11,ski,2604.0,2432.3591086174843,171.64089138251575,1.0705656047145415
2023-12-12,always,2331.0,3342.539185848892,-1011.539185848892,0.6973740232780561
2023-12-12,b2b,1344.0,808.6032529055453,535.3967470944547,1.6621253935976876
2023-12-12,green,441.0,1142.081570143037,-701.081570143037,0.3861370426849355
2023-12-12,hwadam,0.0,933.5444196885205,-933.5444196885205,0.0
2023-12-12,ski,5957.0,2257.797127926042,3699.202872073958,2.6384124270155116
2023-12-13,always,2156.0,3298.600761031504,-1142.6007610315041,0.653610471891663
2023-12-13,b2b,1330.0,894.7156674903616,435.2843325096384,1.4865057675033142
2023-12-13,green,161.0,1430.2359370578977,-1269.2359370578977,0.11256883974764964
2023-12-13,hwadam,0.0,888.5505657179928,-888.5505657179928,0.0
2023-12-13,ski,6370.0,2274.812897634488,4095.187102365512,2.800230298774892
2023-12-14,always,2142.0,3483.7684422530265,-1341.7684422530265,0.6148514275577752
2023-12-14,b2b,371.0,1050.0155742310153,-679.0155742310153,0.353328092558726
2023-12-14,green,3136.0,1612.5761940202156,1523.4238059797844,1.9447143097045414
2023-12-14,hwadam,0.0,1133.2215069835308,-1133.2215069835308,0.0
2023-12-14,ski,1596.0,2827.1396848525746,-1231.1396848525746,0.5645281726089264
2023-12-15,always,4347.0,4483.4047609023855,-136.40476090238553,0.9695756309820818
2023-12-15,b2b,875.0,884.713463657135,-9.71346365713498,0.9890207801100003
2023-12-15,green,462.0,1394.4557587320155,-932.4557587320155,0.3313120528256117
2023-12-15,hwadam,0.0,958.8682526035261,-958.8682526035261,0.0
2023-12-15,ski,1533.0,6450.117924807493,-4917.117924807493,0.2376700733026913
2023-12-16,always,3304.0,4753.059717138876,-1449.0597171388763,0.6951311779412812
2023-12-16,b2b,266.0,855.3147534342694,-589.3147534342694,0.3109966230933745
2023-12-16,green,112.0,969.2075691650963,-857.2075691650963,0.11555832162606826
2023-12-16,hwadam,0.0,1747.9983309634654,-1747.9983309634654,0.0
2023-12-16,ski,8722.0,8462.036646933448,259.9633530665524,1.0307211329746202
2023-12-17,always,3311.0,4047.7413310987913,-736.7413310987913,0.8179870523251057
2023-12-17,b2b,91.0,698.0765587173019,-607.0765587173019,0.13035819476191868
2023-12-17,green,105.0,905.7446234985758,-800.7446234985758,0.11592671629053848
2023-12-17,hwadam,0.0,1460.5752315002178,-1460.5752315002178,0.0
2023-12-17,ski,5817.0,7201.878523986368,-1384.8785239863682,0.8077059312547509
2023-12-18,always,3136.0,3234.2193449154233,-98.21934491542333,0.9696312048006775
2023-12-18,b2b,315.0,811.9019784399397,-496.90197843993974,0.38797786969957737
2023-12-18,green,2114.0,1526.2054565789247,587.7945434210753,1.3851346100797266
2023-12-18,hwadam,0.0,1477.481963693806,-1477.481963693806,0.0
2023-12-18,ski,14413.0,2847.5560315676125,11565.443968432388,5.061533413291775
2023-12-19,always,4081.0,2997.727696655428,1083.2723033445718,1.3613644776852751
2023-12-19,b2b,42.0,692.3859639933037,-650.3859639933037,0.060659808523221594
2023-12-19,green,966.0,1102.199584409935,-136.19958440993491,0.8764292907233768
2023-12-19,hwadam,0.0,858.9630659873982,-858.9630659873982,0.0
2023-12-19,ski,13538.0,3380.211761782374,10157.788238217625,4.0050745202014975
2023-12-20,always,3465.0,3009.939622998323,455.0603770016769,1.1511858821102772
2023-12-20,b2b,364.0,752.3297529098803,-388.3297529098803,0.48383039297875896
2023-12-20,green,91.0,1230.670946341236,-1139.670946341236,0.0739434048317639
2023-12-20,hwadam,0.0,722.7177471591614,-722.7177471591614,0.0
2023-12-20,ski,13482.0,3335.043450450638,10146.956549549363,4.042526042105473
2023-12-21,always,3262.0,3257.8170533591224,4.182946640877617,1.0012839722342801
2023-12-21,b2b,231.0,887.2073756828695,-656.2073756828695,0.260367537885044
2023-12-21,green,574.0,2368.2676033686057,-1794.2676033686057,0.24237125871398435
2023-12-21,hwadam,0.0,1033.326061641846,-1033.326061641846,0.0
2023-12-21,ski,11704.0,2873.7643140451883,8830.235685954813,4.072706986720541
2023-12-22,always,4690.0,4605.316106628768,84.68389337123244,1.0183882911423476
2023-12-22,b2b,784.0,764.0894817373824,19.910518262617643,1.0260578358143935
2023-12-22,green,609.0,1400.9430678203062,-791.9430678203062,0.43470717261018216
2023-12-22,hwadam,0.0,1075.9428747922395,-1075.9428747922395,0.0
2023-12-22,ski,18655.0,4462.151380951225,14192.848619048775,4.18071876262145
2023-12-23,always,4956.0,4863.598443909408,92.40155609059184,1.018998598909066
2023-12-23,b2b,462.0,794.8503520001544,-332.85035200015443,0.5812414863218306
2023-12-23,green,119.0,972.7219833586041,-853.7219833586041,0.12233711382682858
2023-12-23,hwadam,0.0,1800.4179466682067,-1800.4179466682067,0.0
2023-12-23,ski,28308.0,7930.0593008225005,20377.9406991775,3.569708488442692
2023-12-24,always,5586.0,4203.233211330606,1382.7667886693944,1.3289769373114693
2023-12-24,b2b,497.0,776.1456326171676,-279.1456326171676,0.6403437436401118
2023-12-24,green,161.0,954.4270467346439,-793.4270467346439,0.1686875917345648
2023-12-24,hwadam,0.0,1401.0750267149579,-1401.0750267149579,0.0
2023-12-24,ski,39088.0,5600.1999819452385,33487.80001805476,6.979750745690821
2023-12-25,always,5873.0,3994.0830533598573,1878.9169466401427,1.4704251067237026
2023-12-25,b2b,273.0,750.014367900509,-477.014367900509,0.3639930269125378
2023-12-25,green,217.0,1485.2361833972875,-1268.2361833972875,0.14610470874985035
2023-12-25,hwadam,0.0,2556.9095829384646,-2556.9095829384646,0.0
2023-12-25,ski,25116.0,6143.087874627702,18972.9121253723,4.088497594790167
2023-12-26,always,4746.0,3160.476186379702,1585.523813620298,1.5016724443149505
2023-12-26,b2b,287.0,954.1695701884438,-667.1695701884438,0.30078511091411025
2023-12-26,green,70.0,1169.8767047461324,-1099.8767047461324,0.05983536531329621
2023-12-26,hwadam,0.0,2914.552571062558,-2914.552571062558,0.0
2023-12-26,ski,21182.0,6270.542695758746,14911.457304241254,3.378017027828712
2023-12-27,always,4340.0,3191.8243810171293,1148.1756189828707,1.3597239327487638
2023-12-27,b2b,350.0,863.4565996774628,-513.4565996774628,0.40534753006779917
2023-12-27,green,672.0,1156.950184877689,-484.950184877689,0.5808374541822151
2023-12-27,hwadam,0.0,2989.343462385613,-2989.343462385613,0.0
2023-12-27,ski,22890.0,5760.844098541404,17129.155901458595,3.97337605539361
2023-12-28,always,4032.0,3223.1630622928,808.8369377071999,1.2509450878144008
2023-12-28,b2b,210.0,962.3227382722937,-752.3227382722937,0.21822200769881375
2023-12-28,green,273.0,1708.3875905676514,-1435.3875905676514,0.15979980275394615
2023-12-28,hwadam,0.0,3832.6686596085397,-3832.6686596085397,0.0
2023-12-28,ski,24703.0,5000.330553550938,19702.66944644906,4.940273395017335
2023-12-29,always,4942.0,4622.775497420969,319.22450257903074,1.0690547275672646
2023-12-29,b2b,378.0,736.8416748806651,-358.8416748806651,0.5130002996386148
2023-12-29,green,91.0,1361.1531911858476,-1270.1531911858476,0.0668550759674009
2023-12-29,hwadam,0.0,5254.327600513623,-5254.327600513623,0.0
2023-12-29,ski,30506.0,9085.401468436106,21420.598531563894,3.3576942203359867
2023-12-30,always,5999.0,5570.350239401216,428.64976059878427,1.0769520303349653
2023-12-30,b2b,546.0,838.0008096557523,-292.0008096557523,0.6515506831363264
2023-12-30,green,140.0,981.5936000595068,-841.5936000595068,0.14262521678168322
2023-12-30,hwadam,0.0,6620.81201519074,-6620.81201519074,0.0
2023-12-30,ski,30422.0,18023.449013710288,12398.550986289712,1.6879122290555064
2023-12-31,always,5754.0,5911.821144850452,-157.82114485045167,0.9733041408081292
2023-12-31,b2b,448.0,859.0840637586961,-411.08406375869606,0.5214856367372175
2023-12-31,green,112.0,939.2879821559536,-827.2879821559536,0.11923925582751063
2023-12-31,hwadam,0.0,7363.6589867492285,-7363.6589867492285,0.0
2023-12-31,ski,31773.0,18855.792261658815,12917.207738341185,1.685052505834343
2024-01-01,always,5481.0,5180.807708874028,300.1922911259717,1.0579431447748548
2024-01-01,b2b,287.0,832.4944263551341,-545.4944263551341,0.3447470528500194
2024-01-01,green,56.0,1410.8128959874816,-1354.8128959874816,0.03969342792319989
2024-01-01,hwadam,0.0,7824.2907494131105,-7824.2907494131105,0.0
2024-01-01,ski,26628.0,13767.60537473974,12860.39462526026,1.9341054072377761
2024-01-02,always,3927.0,3462.251254425128,464.7487455748719,1.1342331077159329
2024-01-02,b2b,350.0,874.5301758747435,-524.5301758747435,0.4002148921275525
2024-01-02,green,84.0,1375.4286203074205,-1291.4286203074205,0.06107187153138144
2024-01-02,hwadam,0.0,7065.246287408111,-7065.246287408111,0.0
2024-01-02,ski,19292.0,11774.54972239266,7517.4502776073405,1.6384490664055515
2024-01-03,always,2870.0,3522.4940203019332,-652.4940203019332,0.8147636258454162
2024-01-03,b2b,280.0,852.0908300070791,-572.0908300070791,0.3286034658977304
2024-01-03,green,133.0,1149.1634695660998,-1016.1634695660998,0.11573636259967264
2024-01-03,hwadam,0.0,5240.478764144123,-5240.478764144123,0.0
2024-01-03,ski,15932.0,13034.527435396967,2897.472564603033,1.2222921067882035
2024-01-04,always,3437.0,3735.2405410957144,-298.24054109571443,0.9201549303680916
2024-01-04,b2b,392.0,919.6963255707107,-527.6963255707107,0.42622764612737507
2024-01-04,green,364.0,1904.5286237917605,-1540.5286237917605,0.19112340736329067
2024-01-04,hwadam,0.0,5613.775353879481,-5613.775353879481,0.0
2024-01-04,ski,18235.0,12774.40578441465,5460.59421558535,1.427463657233084
2024-01-05,always,3423.0,4360.914633181091,-937.9146331810907,0.7849270824875275
2024-01-05,b2b,1589.0,887.8745331545623,701.1254668454377,1.7896672791755643
2024-01-05,green,147.0,1416.9239136361653,-1269.9239136361653,0.10374586707536249
2024-01-05,hwadam,0.0,6333.34907402024,-6333.34907402024,0.0
2024-01-05,ski,23947.0,19941.74956605306,4005.2504339469415,1.2008474943825942
2024-01-06,always,4165.0,5195.01193856306,-1030.0119385630596,0.801730592586865
2024-01-06,b2b,497.0,890.5233518959765,-393.5233518959765,0.5580987842057795
2024-01-06,green,98.0,1091.2574795428086,-993.2574795428086,0.08980465365612698
2024-01-06,hwadam,0.0,6878.773569600322,-6878.773569600322,0.0
2024-01-06,ski,44373.0,25654.517579103263,18718.482420896737,1.72963689000115
2024-01-07,always,4032.0,4740.16633019153,-708.1663301915296,0.8506030630864138
2024-01-07,b2b,406.0,796.1988559435179,-390.19885594351786,0.5099228628241103
2024-01-07,green,882.0,919.578701057464,-37.578701057463945,0.9591348722907017
2024-01-07,hwadam,0.0,6950.9315947856285,-6950.9315947856285,0.0
2024-01-07,ski,27433.0,26680.895633926957,752.1043660730429,1.0281888725323254
2024-01-08,always,2681.0,4403.035013183064,-1722.0350131830637,0.6088981786365215
2024-01-08,b2b,476.0,784.7681580417982,-308.7681580417982,0.6065485648497061
2024-01-08,green,567.0,1629.8157779054861,-1062.8157779054861,0.3478920793911228
2024-01-08,hwadam,0.0,6359.9157100517805,-6359.9157100517805,0.0
2024-01-08,ski,19537.0,17484.480785329797,2052.519214670203,1.117390915971171
2024-01-09,always,3374.0,3431.8584679086084,-57.85846790860842,0.9831407767978649
2024-01-09,b2b,322.0,833.9906853244742,-511.99068532447416,0.38609543927306816
2024-01-09,green,175.0,1394.3084438881667,-1219.3084438881667,0.12551024901778204
2024-01-09,hwadam,0.0,6166.287242533048,-6166.287242533048,0.0
2024-01-09,ski,17220.0,15196.15152576466,2023.8484742353394,1.1331816460769004
2024-01-10,always,3087.0,3169.9616750095015,-82.9616750095015,0.9738288081955272
2024-01-10,b2b,238.0,834.6441553777729,-596.6441553777729,0.28515146061530555
2024-01-10,green,91.0,1161.7889777609794,-1070.7889777609794,0.07832747748681249
2024-01-10,hwadam,0.0,4929.781718623549,-4929.781718623549,0.0
2024-01-10,ski,19040.0,15153.720286378973,3886.2797136210265,1.2564571366091688
2024-01-11,always,3115.0,3428.7586232819876,-313.75862328198764,0.9084920644015297
2024-01-11,b2b,3367.0,820.2602688856681,2546.739731114332,4.104794694705991
2024-01-11,green,924.0,1605.33165006121,-681.33165006121,0.5755819988752907
2024-01-11,hwadam,0.0,5273.782917969752,-5273.782917969752,0.0
2024-01-11,ski,20391.0,14604.242089378558,5786.757910621442,1.396238152942566
2024-01-12,always,4165.0,4425.32939002403,-260.32939002402964,0.9411728784277873
2024-01-12,b2b,378.0,984.17720567977,-606.17720567977,0.3840771741293437
2024-01-12,green,140.0,1496.860895527512,-1356.860895527512,0.09352906500417482
2024-01-12,hwadam,0.0,6455.80728989905,-6455.80728989905,0.0
2024-01-12,ski,31437.0,20901.15454887862,10535.845451121379,1.5040795917030643
2024-01-13,always,5635.0,5628.955458606506,6.044541393494001,1.0010738300272481
2024-01-13,b2b,378.0,1007.1229151110667,-629.1229151110667,0.37532658062726504
2024-01-13,green,140.0,1130.8838042959785,-990.8838042959785,0.12379698026284472
2024-01-13,hwadam,0.0,7121.092878561339,-7121.092878561339,0.0
2024-01-13,ski,57729.0,36761.04327822722,20967.95672177278,1.570385246225905
2024-01-14,always,3416.0,4770.701635529331,-1354.7016355293308,0.7160372332991182
2024-01-14,b2b,280.0,898.7661480158647,-618.7661480158647,0.3115382133807932
2024-01-14,green,203.0,1354.308660114216,-1151.308660114216,0.14989197512986435
2024-01-14,hwadam,0.0,7103.0229075283505,-7103.0229075283505,0.0
2024-01-14,ski,23828.0,29004.884421369614,-5176.884421369614,0.821516805715816
2024-01-15,always,3843.0,4154.04513553771,-311.04513553770994,0.9251223505308765
2024-01-15,b2b,280.0,823.7602969186707,-543.7602969186707,0.3399047041322073
2024-01-15,green,140.0,1472.7256654193293,-1332.7256654193293,0.09506183214382821
2024-01-15,hwadam,0.0,6225.867718056556,-6225.867718056556,0.0
2024-01-15,ski,20923.0,18677.998781235758,2245.0012187642424,1.1201949547731853
2024-01-16,always,4249.0,3470.3974701045563,778.6025298954437,1.2243554338091382
2024-01-16,b2b,357.0,786.8031109907304,-429.8031109907304,0.45373486074612884
2024-01-16,green,560.0,1303.3898909362536,-743.3898909362536,0.4296488747490129
2024-01-16,hwadam,0.0,6116.2536786873925,-6116.2536786873925,0.0
2024-01-16,ski,19418.0,17047.158892284246,2370.8411077157543,1.1390754390626832
2024-01-17,always,4291.0,3299.6453347968645,991.3546652031355,1.300442794487234
2024-01-17,b2b,693.0,862.6677097249162,-169.66770972491622,0.8033220580621719
2024-01-17,green,679.0,1216.5016213991416,-537.5016213991416,0.5581579079352628
2024-01-17,hwadam,0.0,4917.008064997774,-4917.008064997774,0.0
2024-01-17,ski,17164.0,18430.84542462266,-1266.845424622661,0.9312649313997164
2024-01-18,always,5096.0,3387.6160348667418,1708.3839651332582,1.5043027154051303
2024-01-18,b2b,861.0,1113.2395084426105,-252.2395084426105,0.7734184723685507
2024-01-18,green,1232.0,1349.947453077004,-117.94745307700396,0.912628115406892
2024-01-18,hwadam,0.0,5191.878673440143,-5191.878673440143,0.0
2024-01-18,ski,21623.0,18367.35268713068,3255.6473128693215,1.1772518537824144
2024-01-19,always,3836.0,4601.320261619903,-765.3202616199032,0.8336737679392761
2024-01-19,b2b,1050.0,1268.4525075367897,-218.45250753678965,0.8277803021880551
2024-01-19,green,217.0,1288.1423244742714,-1071.1423244742714,0.16845964601664964
2024-01-19,hwadam,0.0,6577.981097814986,-6577.981097814986,0.0
2024-01-19,ski,34419.0,27770.62048590908,6648.379514090921,1.2394033477741102
2024-01-20,always,4200.0,5697.135218950797,-1497.135218950797,0.7372126232899007
2024-01-20,b2b,637.0,1000.8176705939035,-363.8176705939035,0.6364795693725037
2024-01-20,green,105.0,1020.6679554850092,-915.6679554850092,0.10287380870119045
2024-01-20,hwadam,0.0,7284.109275328627,-7284.109275328627,0.0
2024-01-20,ski,44996.0,41146.852833572775,3849.147166427225,1.0935465752872018
2024-01-21,always,3304.0,4463.829091238051,-1159.8290912380508,0.7401717073992252
2024-01-21,b2b,406.0,838.1522639447413,-432.1522639447413,0.48439885861450976
2024-01-21,green,105.0,1126.2593544877482,-1021.2593544877482,0.09322897038023423
2024-01-21,hwadam,0.0,7178.449046921251,-7178.449046921251,0.0
2024-01-21,ski,34188.0,29371.753950291837,4816.246049708163,1.1639754322421154
2024-01-22,always,4438.0,4307.4958495615365,130.5041504384635,1.0302969880868829
2024-01-22,b2b,168.0,791.4339896232403,-623.4339896232403,0.2122729149906436
2024-01-22,green,42.0,1155.4580994688863,-1113.4580994688863,0.03634921943020311
2024-01-22,hwadam,0.0,6506.04369369443,-6506.04369369443,0.0
2024-01-22,ski,16506.0,19363.074406003223,-2857.074406003223,0.852447274327602
2024-01-23,always,3584.0,3582.380922688592,1.6190773114080912,1.000451955653614
2024-01-23,b2b,343.0,732.0538720155038,-389.05387201550377,0.468544752117281
2024-01-23,green,56.0,1011.963790728615,-955.963790728615,0.055337948366393566
2024-01-23,hwadam,0.0,6372.679553004328,-6372.679553004328,0.0
2024-01-23,ski,13342.0,17674.49973170864,-4332.499731708642,0.7548728508600449
2024-01-24,always,2660.0,3369.699906537925,-709.699906537925,0.7893878012220144
2024-01-24,b2b,140.0,887.5441052473351,-747.5441052473351,0.15773863988537865
2024-01-24,green,434.0,995.4477528824525,-561.4477528824525,0.4359847101400297
2024-01-24,hwadam,0.0,5202.531619578563,-5202.531619578563,0.0
2024-01-24,ski,14770.0,17556.988796975438,-2786.988796975438,0.8412604331412711
2024-01-25,always,4592.0,3780.957178855244,811.0428211447561,1.2145072749515546
2024-01-25,b2b,280.0,1114.74216328829,-834.7421632882899,0.251179159828359
2024-01-25,green,378.0,989.9804854514564,-611.9804854514564,0.38182570823870565
2024-01-25,hwadam,0.0,5483.1332235500095,-5483.1332235500095,0.0
2024-01-25,ski,17430.0,19014.356925571494,-1584.3569255714938,0.9166757554950087
2024-01-26,always,4375.0,4832.040856188886,-457.0408561888862,0.9054145298453949
2024-01-26,b2b,329.0,1131.7267363160456,-802.7267363160456,0.29070621859738727
2024-01-26,green,154.0,829.208982806012,-675.208982806012,0.18571916512393508
2024-01-26,hwadam,0.0,6737.006355035113,-6737.006355035113,0.0
2024-01-26,ski,29106.0,28572.833776318468,533.1662236815318,1.0186599000944536
2024-01-27,always,4305.0,5830.440485026257,-1525.4404850262572,0.7383661682262438
2024-01-27,b2b,469.0,967.8282998668808,-498.8282998668808,0.4845900869653308
2024-01-27,green,105.0,814.1213687328848,-709.1213687328848,0.12897339884767323
2024-01-27,hwadam,0.0,7201.829655207416,-7201.829655207416,0.0
2024-01-27,ski,51408.0,36020.96297312369,15387.037026876307,1.4271689526556253
2024-01-28,always,4690.0,4720.074186985632,-30.074186985631968,0.9936284503602605
2024-01-28,b2b,364.0,817.830077023386,-453.830077023386,0.44508023148871223
2024-01-28,green,140.0,957.0794586193306,-817.0794586193306,0.14627834579373591
2024-01-28,hwadam,0.0,7242.5822278956475,-7242.5822278956475,0.0
2024-01-28,ski,34335.0,31340.300769484787,2994.6992305152125,1.0955542594355403
2024-01-29,always,3640.0,4466.917846723424,-826.9178467234242,0.8148795489198474
2024-01-29,b2b,196.0,817.7924190538535,-621.7924190538535,0.2396696220622375
2024-01-29,green,245.0,963.4144062710365,-718.4144062710365,0.2543038576185401
2024-01-29,hwadam,0.0,6629.818313593093,-6629.818313593093,0.0
2024-01-29,ski,21581.0,16733.914162131077,4847.085837868923,1.2896564301039561
2024-01-30,always,3808.0,3311.353982119517,496.6460178804832,1.1499827625081
2024-01-30,b2b,462.0,791.2535374701904,-329.2535374701904,0.583883645534293
2024-01-30,green,77.0,892.3310940021067,-815.3310940021067,0.08629084038151674
2024-01-30,hwadam,0.0,6390.901635877338,-6390.901635877338,0.0
2024-01-30,ski,19621.0,13788.451743061752,5832.5482569382475,1.423002405608965
2024-01-31,always,2065.0,3287.249362978957,-1222.249362978957,0.6281847745583452
2024-01-31,b2b,70.0,924.116488859474,-854.116488859474,0.0757480261892011
2024-01-31,green,49.0,802.1448699173802,-753.1448699173802,0.06108622249874506
2024-01-31,hwadam,0.0,5264.171196352838,-5264.171196352838,0.0
2024-01-31,ski,19474.0,14788.26110747472,4685.73889252528,1.316855298839488
2024-02-01,always,2520.0,3745.7143965037035,-1225.7143965037035,0.6727688588196151
2024-02-01,b2b,525.0,938.192386927995,-413.192386927995,0.5595867194350758
2024-02-01,green,210.0,1053.8381480247979,-843.8381480247979,0.19927158681207513
2024-02-01,hwadam,0.0,5936.205526115865,-5936.205526115865,0.0
2024-02-01,ski,19194.0,17289.21006417786,1904.7899358221403,1.1101721784136769
2024-02-02,always,2863.0,4044.207677689594,-1181.2076776895942,0.7079260582472353
2024-02-02,b2b,581.0,1027.9620032433425,-446.96200324334245,0.5651959879517685
2024-02-02,green,147.0,743.6704150284916,-596.6704150284916,0.19766821031110687
2024-02-02,hwadam,0.0,7043.698672354677,-7043.698672354677,0.0
2024-02-02,ski,27664.0,29915.842268930886,-2251.8422689308863,0.9247274320847206
2024-02-03,always,3710.0,5671.096786393631,-1961.0967863936312,0.654194442405076
2024-02-03,b2b,455.0,952.0468108517117,-497.0468108517117,0.4779176767505286
2024-02-03,green,252.0,756.9184467601084,-504.9184467601084,0.332928865822538
2024-02-03,hwadam,0.0,7169.903645872873,-7169.903645872873,0.0
2024-02-03,ski,43176.0,43059.05635726926,116.94364273073734,1.0027158895856991
2024-02-04,always,3367.0,4810.267361514386,-1443.2673615143858,0.6999610930025288
2024-02-04,b2b,287.0,828.5161397745007,-541.5161397745007,0.3464024250367814
2024-02-04,green,140.0,926.6439574622549,-786.6439574622549,0.1510828391774223
2024-02-04,hwadam,0.0,7165.705400511024,-7165.705400511024,0.0
2024-02-04,ski,30653.0,36193.48935199648,-5540.489351996483,0.8469202762377245
2024-02-05,always,2219.0,3748.4877421218066,-1529.4877421218066,0.5919720571752356
2024-02-05,b2b,126.0,710.5465368708748,-584.5465368708748,0.1773282866944682
2024-02-05,green,441.0,873.9416593073502,-432.94165930735016,0.5046103424678465
2024-02-05,hwadam,0.0,6085.166937500213,-6085.166937500213,0.0
2024-02-05,ski,10458.0,17428.139092755468,-6970.139092755468,0.6000640656091151
2024-02-06,always,2443.0,2971.4281142513014,-528.4281142513014,0.822163588034689
2024-02-06,b2b,147.0,660.7579658114449,-513.7579658114449,0.22247177878434868
2024-02-06,green,168.0,853.3991794546275,-685.3991794546275,0.19685980962316124
2024-02-06,hwadam,0.0,5854.858514591772,-5854.858514591772,0.0
2024-02-06,ski,15225.0,15541.146670764334,-316.146670764334,0.9796574424357591
2024-02-07,always,1554.0,2946.019068111584,-1392.0190681115841,0.5274914941389444
2024-02-07,b2b,63.0,797.2239090860629,-734.2239090860629,0.07902422303443353
2024-02-07,green,105.0,813.3369047902843,-708.3369047902843,0.1290977937698202
2024-02-07,hwadam,0.0,4771.487068212132,-4771.487068212132,0.0
2024-02-07,ski,16184.0,16465.72111957823,-281.72111957822926,0.9828904475223224
2024-02-08,always,3423.0,3734.926339732743,-311.92633973274314,0.9164839380058394
2024-02-08,b2b,294.0,827.6524457660087,-533.6524457660087,0.35522156855091175
2024-02-08,green,98.0,988.9815553850431,-890.9815553850431,0.099091837928004
2024-02-08,hwadam,0.0,5307.144559493045,-5307.144559493045,0.0
2024-02-08,ski,24416.0,17946.21317648722,6469.786823512779,1.3605098613221294
2024-02-09,always,5635.0,4497.043433461804,1137.956566538196,1.2530454916380922
2024-02-09,b2b,280.0,835.5715356070831,-555.5715356070831,0.33509997417105225
2024-02-09,green,49.0,705.8711702274002,-656.8711702274002,0.06941776639526784
2024-02-09,hwadam,0.0,6454.323890154693,-6454.323890154693,0.0
2024-02-09,ski,23744.0,25630.517311446132,-1886.5173114461322,0.9263956599657219
2024-02-10,always,6335.0,5287.6308405113505,1047.3691594886495,1.1980791002776134
2024-02-10,b2b,245.0,874.6366993390739,-629.6366993390739,0.2801163045012131
2024-02-10,green,70.0,834.1721699500285,-764.1721699500285,0.0839155302965734
2024-02-10,hwadam,0.0,6863.483979110151,-6863.483979110151,0.0
2024-02-10,ski,21532.0,33530.04820869496,-11998.048208694963,0.6421702666808679
2024-02-11,always,5362.0,4606.400566675333,755.5994333246672,1.1640325070275035
2024-02-11,b2b,196.0,775.0696076078494,-579.0696076078494,0.2528805130224733
2024-02-11,green,42.0,653.9900864554628,-611.9900864554628,0.06422115697140653
2024-02-11,hwadam,0.0,6858.826767218787,-6858.826767218787,0.0
2024-02-11,ski,38766.0,28549.027896897842,10216.972103102158,1.357874605748392
2024-02-12,always,4550.0,4519.51977817963,30.48022182037039,1.0067441284287613
2024-02-12,b2b,315.0,739.9774401524461,-424.9774401524461,0.4256886533393578
2024-02-12,green,182.0,741.5751790850965,-559.5751790850965,0.24542353241183026
2024-02-12,hwadam,0.0,6504.313268218049,-6504.313268218049,0.0
2024-02-12,ski,28553.0,14312.788719528231,14240.211280471769,1.994929189518641
2024-02-13,always,2919.0,3351.339994632046,-432.339994632046,0.8709948870229403
2024-02-13,b2b,147.0,836.38641334723,-689.38641334723,0.17575608313829963
2024-02-13,green,161.0,944.1135882603579,-783.1135882603579,0.17053032813208602
2024-02-13,hwadam,0.0,6060.023976114461,-6060.023976114461,0.0
2024-02-13,ski,15218.0,15713.534443652274,-495.5344436522737,0.9684644822952323
2024-02-14,always,2429.0,3147.1741088166605,-718.1741088166605,0.7718035024485206
2024-02-14,b2b,182.0,853.265382332068,-671.265382332068,0.21329823495542968
2024-02-14,green,294.0,879.3195272177477,-585.3195272177477,0.33434944965937985
2024-02-14,hwadam,0.0,4778.094237963801,-4778.094237963801,0.0
2024-02-14,ski,11739.0,16319.84284684275,-4580.84284684275,0.7193083971559834
2024-02-15,always,4305.0,3506.951958396191,798.048041603809,1.2275617262714869
2024-02-15,b2b,903.0,965.4707447736947,-62.47074477369472,0.9352950411891168
2024-02-15,green,1078.0,949.9819198964249,128.01808010357513,1.1347584384737899
2024-02-15,hwadam,0.0,4951.869283465169,-4951.869283465169,0.0
2024-02-15,ski,5474.0,17920.691181066122,-12446.691181066122,0.3054569684111004
2024-02-16,always,3402.0,4317.743044393714,-915.7430443937137,0.787911639257287
2024-02-16,b2b,203.0,906.4143225919513,-703.4143225919513,0.22395939135152693
2024-02-16,green,84.0,652.8945991605011,-568.8945991605011,0.1286578264056834
2024-02-16,hwadam,0.0,6078.909460631529,-6078.909460631529,0.0
2024-02-16,ski,22561.0,24724.60993407537,-2163.6099340753717,0.9124916453750199
2024-02-17,always,4102.0,5249.449372869843,-1147.4493728698426,0.7814152892301276
2024-02-17,b2b,469.0,872.7578791240686,-403.7578791240686,0.5373769876139135
2024-02-17,green,133.0,753.1764367347354,-620.1764367347354,0.17658544998645764
2024-02-17,hwadam,0.0,6608.470001876312,-6608.470001876312,0.0
2024-02-17,ski,35420.0,26362.74710300865,9057.252896991351,1.3435625605177426
2024-02-18,always,4172.0,4556.91599689219,-384.9159968921904,0.9155314697144511
2024-02-18,b2b,364.0,780.0652676890406,-416.06526768904064,0.46662762088915644
2024-02-18,green,77.0,561.4196076646406,-484.4196076646406,0.13715231699922265
2024-02-18,hwadam,0.0,6546.114994547563,-6546.114994547563,0.0
2024-02-18,ski,15834.0,28038.528605501353,-12204.528605501353,0.5647229290374838
2024-02-19,always,2191.0,4245.436244112367,-2054.4362441123667,0.5160835951873052
2024-02-19,b2b,476.0,752.1057800663615,-276.1057800663615,0.6328896979863664
2024-02-19,green,343.0,878.2811241191814,-535.2811241191814,0.39053554787937744
2024-02-19,hwadam,0.0,6218.8297881065255,-6218.8297881065255,0.0
2024-02-19,ski,3850.0,16843.714384889066,-12993.714384889066,0.22857191187318723
2024-02-20,always,2450.0,3426.7339943061093,-976.7339943061093,0.7149664969825323
2024-02-20,b2b,35.0,870.2492060763697,-835.2492060763697,0.04021836475761006
2024-02-20,green,616.0,660.3262805207156,-44.32628052071561,0.9328721545267574
2024-02-20,hwadam,0.0,6346.471103374806,-6346.471103374806,0.0
2024-02-20,ski,6594.0,12584.221896059371,-5990.221896059371,0.523989488938116
2024-02-21,always,1365.0,3002.4806164441165,-1637.4806164441165,0.45462408400710685
2024-02-21,b2b,203.0,782.5013559272642,-579.5013559272642,0.25942447059333845
2024-02-21,green,329.0,730.9327410228591,-401.9327410228591,0.4501098138518205
2024-02-21,hwadam,0.0,4939.413714644774,-4939.413714644774,0.0
2024-02-21,ski,3500.0,11648.168739840617,-8148.1687398406175,0.30047641635108135
2024-02-22,always,2205.0,3798.0447281409174,-1593.0447281409174,0.5805618832401989
2024-02-22,b2b,1092.0,771.234867089547,320.76513291045296,1.415911088305619
2024-02-22,green,35.0,834.1169922750229,-799.1169922750229,0.04196054069650207
2024-02-22,hwadam,0.0,5379.510897577984,-5379.510897577984,0.0
2024-02-22,ski,15820.0,9550.583056687923,6269.416943312077,1.6564433716873268
2024-02-23,always,3647.0,4558.161920617913,-911.161920617913,0.8001032134254691
2024-02-23,b2b,441.0,805.8840065798232,-364.8840065798232,0.5472251544879353
2024-02-23,green,315.0,658.5969892758226,-343.5969892758226,0.47828946249263365
2024-02-23,hwadam,0.0,6591.1305568930675,-6591.1305568930675,0.0
2024-02-23,ski,20538.0,17979.98483146829,2558.0151685317105,1.1422701516441056
2024-02-24,always,5817.0,5579.421822792459,237.57817720754065,1.042581146354092
2024-02-24,b2b,315.0,904.6773300752182,-589.6773300752182,0.3481904426341818
2024-02-24,green,49.0,814.4696014379177,-765.4696014379177,0.06016185246630716
2024-02-24,hwadam,0.0,7021.315099796445,-7021.315099796445,0.0
2024-02-24,ski,24619.0,23950.611303494006,668.3886965059937,1.0279069576987576
2024-02-25,always,4676.0,4795.494996025737,-119.49499602573724,0.9750818223927313
2024-02-25,b2b,392.0,813.4743520937084,-421.4743520937084,0.4818836623319176
2024-02-25,green,133.0,611.21258601204,-478.21258601204,0.2176002311532572
2024-02-25,hwadam,0.0,7108.3565195447745,-7108.3565195447745,0.0
2024-02-25,ski,18550.0,18583.664648802016,-33.66464880201602,0.9981884816887187
2024-02-26,always,2716.0,3939.807907165866,-1223.8079071658658,0.6893737116116856
2024-02-26,b2b,126.0,682.6817816181283,-556.6817816181283,0.18456622601140485
2024-02-26,green,56.0,889.72492194037,-833.72492194037,0.0629408018355511
2024-02-26,hwadam,0.0,6413.756109406103,-6413.756109406103,0.0
2024-02-26,ski,10325.0,8354.624285193404,1970.375714806596,1.2358425283466812
2024-02-27,always,2345.0,3021.3505210261305,-676.3505210261305,0.7761429809883746
2024-02-27,b2b,147.0,779.583776889545,-632.583776889545,0.18856215888241556
2024-02-27,green,35.0,790.2947399464182,-755.2947399464182,0.04428727439382045
2024-02-27,hwadam,0.0,6160.005738211643,-6160.005738211643,0.0
2024-02-27,ski,7721.0,8173.364197417501,-452.3641974175007,0.9446538553169536
2024-02-28,always,1946.0,2847.222960443196,-901.2229604431959,0.6834729935224628
2024-02-28,b2b,343.0,737.3338793855598,-394.33387938555984,0.465189528908981
2024-02-28,green,56.0,695.5899426047778,-639.5899426047778,0.08050720197347395
2024-02-28,hwadam,0.0,4982.935585561207,-4982.935585561207,0.0
2024-02-28,ski,9555.0,7177.855509511004,2377.144490488996,1.331177534479367
2024-02-29,always,3885.0,3660.604504291602,224.3954957083979,1.0613001200881773
2024-02-29,b2b,266.0,895.197880686648,-629.197880686648,0.2971410072999377
2024-02-29,green,49.0,1009.8691467342139,-960.8691467342139,0.04852113777162086
2024-02-29,hwadam,0.0,5557.258398745148,-5557.258398745148,0.0
2024-02-29,ski,11578.0,10078.236094135924,1499.7639058640762,1.1488121425074296
2024-03-01,always,4116.0,3609.9500916641255,506.04990833587453,1.1401819680289802
2024-03-01,b2b,392.0,791.7767345452227,-399.77673454522267,0.4950890609650905
2024-03-01,green,84.0,756.1020080640138,-672.1020080640138,0.11109612076693269
2024-03-01,hwadam,0.0,7506.063065086313,-7506.063065086313,0.0
2024-03-01,ski,13496.0,12970.725400880552,525.2745991194479,1.040496933123246
2024-03-02,always,4753.0,4515.833587654639,237.1664123453611,1.052518855653522
2024-03-02,b2b,364.0,825.9510335172482,-461.9510335172482,0.44070409168196606
2024-03-02,green,28.0,820.5834400244173,-792.5834400244173,0.03412206319831025
2024-03-02,hwadam,0.0,7771.51056451875,-7771.51056451875,0.0
2024-03-02,ski,7511.0,17576.31841310584,-10065.31841310584,0.42733636382004764
2024-03-03,always,1981.0,3872.495940230364,-1891.4959402303639,0.5115563787736743
2024-03-03,b2b,7.0,753.6625092302664,-746.6625092302664,0.009287976931676312
2024-03-03,green,0.0,655.7636584439515,-655.7636584439515,0.0
2024-03-03,hwadam,0.0,7226.86992888296,-7226.86992888296,0.0
2024-03-03,ski,2884.0,15195.731077431137,-12311.731077431137,0.18979014469947733
2024-03-04,always,0.0,3196.752063909099,-3196.752063909099,0.0
2024-03-04,b2b,0.0,674.4852446986728,-674.4852446986728,0.0
2024-03-04,green,0.0,1077.3362856430915,-1077.3362856430915,0.0
2024-03-04,hwadam,0.0,6705.724684424239,-6705.724684424239,0.0
2024-03-04,ski,0.0,6922.496380794259,-6922.496380794259,0.0
2024-03-05,always,0.0,2419.4093657530784,-2419.4093657530784,0.0
2024-03-05,b2b,0.0,611.9023131997742,-611.9023131997742,0.0
2024-03-05,green,0.0,921.9078606700613,-921.9078606700613,0.0
2024-03-05,hwadam,0.0,6003.161328254688,-6003.161328254688,0.0
2024-03-05,ski,0.0,5223.035838107526,-5223.035838107526,0.0
2024-03-06,always,0.0,2218.020091999992,-2218.020091999992,0.0
2024-03-06,b2b,0.0,619.5803104035397,-619.5803104035397,0.0
2024-03-06,green,0.0,665.5675631397917,-665.5675631397917,0.0
2024-03-06,hwadam,0.0,4639.563753602047,-4639.563753602047,0.0
2024-03-06,ski,0.0,4852.219155528943,-4852.219155528943,0.0
2024-03-07,always,0.0,2591.1070686475027,-2591.1070686475027,0.0
2024-03-07,b2b,0.0,824.551264952219,-824.551264952219,0.0
2024-03-07,green,0.0,1082.4770882285973,-1082.4770882285973,0.0
2024-03-07,hwadam,0.0,5101.11126432276,-5101.11126432276,0.0
2024-03-07,ski,0.0,5899.379371336301,-5899.379371336301,0.0
2024-03-08,always,0.0,2993.7229845555235,-2993.7229845555235,0.0
2024-03-08,b2b,0.0,784.3443413455731,-784.3443413455731,0.0
2024-03-08,green,0.0,835.814475127149,-835.814475127149,0.0
2024-03-08,hwadam,0.0,6360.066136394634,-6360.066136394634,0.0
2024-03-08,ski,0.0,7018.417871376345,-7018.417871376345,0.0
2024-03-09,always,0.0,4152.8285865196285,-4152.8285865196285,0.0
2024-03-09,b2b,0.0,838.380939214041,-838.380939214041,0.0
2024-03-09,green,0.0,768.3325891243148,-768.3325891243148,0.0
2024-03-09,hwadam,0.0,6962.665975265951,-6962.665975265951,0.0
2024-03-09,ski,0.0,5139.366850329943,-5139.366850329943,0.0
2024-03-10,always,0.0,2829.3553564255403,-2829.3553564255403,0.0
2024-03-10,b2b,0.0,719.4020942901786,-719.4020942901786,0.0
2024-03-10,green,0.0,619.0398857633643,-619.0398857633643,0.0
2024-03-10,hwadam,0.0,6857.555121314371,-6857.555121314371,0.0
2024-03-10,ski,0.0,2625.676969460358,-2625.676969460358,0.0
2024-03-11,always,0.0,2094.0884436354245,-2094.0884436354245,0.0
2024-03-11,b2b,0.0,643.4675247634483,-643.4675247634483,0.0
2024-03-11,green,0.0,1190.3354861008406,-1190.3354861008406,0.0
2024-03-11,hwadam,0.0,6152.949507023292,-6152.949507023292,0.0
2024-03-11,ski,0.0,1134.889902855245,-1134.889902855245,0.0
2024-03-12,always,0.0,2181.7342676991675,-2181.7342676991675,0.0
2024-03-12,b2b,0.0,698.2360477678703,-698.2360477678703,0.0
2024-03-12,green,0.0,1201.3771389833237,-1201.3771389833237,0.0
2024-03-12,hwadam,0.0,6142.31082552011,-6142.31082552011,0.0
2024-03-12,ski,0.0,967.8223323836049,-967.8223323836049,0.0
2024-03-13,always,231.0,1950.0905175159853,-1719.0905175159853,0.11845603982231888
2024-03-13,b2b,0.0,665.1570160781229,-665.1570160781229,0.0
2024-03-13,green,0.0,793.4779481105617,-793.4779481105617,0.0
2024-03-13,hwadam,0.0,4847.903031808631,-4847.903031808631,0.0
2024-03-13,ski,0.0,974.0507686221487,-974.0507686221487,0.0
2024-03-14,always,448.0,2137.4324647625444,-1689.4324647625444,0.2095972655911587
2024-03-14,b2b,217.0,942.6732938013533,-725.6732938013533,0.2301964014753639
2024-03-14,green,1295.0,1308.0443345440683,-13.044334544068306,0.990027605181582
2024-03-14,hwadam,0.0,5344.514654636559,-5344.514654636559,0.0
2024-03-14,ski,84.0,1070.8987513960353,-986.8987513960353,0.07843878787840278
2024-03-15,always,1638.0,2386.9428107721137,-748.9428107721137,0.6862334500046734
2024-03-15,b2b,273.0,768.1022196263166,-495.1022196263166,0.3554214439489774
2024-03-15,green,210.0,860.0690654392296,-650.0690654392296,0.24416643783456493
2024-03-15,hwadam,0.0,6482.11461682712,-6482.11461682712,0.0
2024-03-15,ski,8358.0,1134.7490668203495,7223.25093317965,7.365505065732049
2024-03-16,always,3087.0,3244.2804056574532,-157.28040565745323,0.9515207115318441
2024-03-16,b2b,336.0,836.0767803416709,-500.0767803416709,0.40187696620720686
2024-03-16,green,315.0,861.7178289459646,-546.7178289459646,0.36554889479924246
2024-03-16,hwadam,0.0,7066.487985774642,-7066.487985774642,0.0
2024-03-16,ski,8148.0,1536.5315921968433,6611.468407803157,5.302852242920996
2024-03-17,always,2219.0,2353.6226135861148,-134.62261358611477,0.9428019543961655
2024-03-17,b2b,14.0,731.8159526493396,-717.8159526493396,0.01913049305541486
2024-03-17,green,84.0,765.740829719825,-681.740829719825,0.10969768979242565
2024-03-17,hwadam,0.0,6843.564242290959,-6843.564242290959,0.0
2024-03-17,ski,203.0,1147.37850749129,-944.3785074912901,0.17692505016836477
2024-03-18,always,490.0,1954.8042839210937,-1464.8042839210937,0.2506644803423088
2024-03-18,b2b,14.0,702.8592102108933,-688.8592102108933,0.01991864059915967
2024-03-18,green,371.0,1323.255882295166,-952.255882295166,0.28036905406118917
2024-03-18,hwadam,0.0,6605.230465291901,-6605.230465291901,0.0
2024-03-18,ski,28.0,1163.1814416662846,-1135.1814416662846,0.024071910879088085
2024-03-19,always,973.0,2037.689168247079,-1064.689168247079,0.4775016794327973
2024-03-19,b2b,371.0,661.5956990938452,-290.59569909384516,0.5607654350053066
2024-03-19,green,875.0,1230.8991520127797,-355.8991520127797,0.710862460640411
2024-03-19,hwadam,0.0,6836.241336883116,-6836.241336883116,0.0
2024-03-19,ski,14.0,980.7971514162268,-966.7971514162268,0.014274103447165025
2024-03-20,always,1470.0,1863.1328191706164,-393.13281917061636,0.7889936696270416
2024-03-20,b2b,987.0,696.0366513864889,290.96334861351113,1.4180287748266114
2024-03-20,green,686.0,877.654367159788,-191.65436715978797,0.7816288799655743
2024-03-20,hwadam,0.0,5289.861448925134,-5289.861448925134,0.0
2024-03-20,ski,105.0,1125.8610479990805,-1020.8610479990805,0.09326195287296746
2024-03-21,always,1925.0,2133.612685885198,-208.61268588519806,0.9022256067067541
2024-03-21,b2b,364.0,915.7549986030383,-551.7549986030383,0.3974862278177821
2024-03-21,green,3192.0,1310.6353955807974,1881.3646044192026,2.4354599385632274
2024-03-21,hwadam,0.0,5895.038462136886,-5895.038462136886,0.0
2024-03-21,ski,98.0,1367.8585088103832,-1269.8585088103832,0.07164483707107243
2024-03-22,always,1680.0,2830.9604685430204,-1150.9604685430204,0.5934381700725857
2024-03-22,b2b,1050.0,742.5632754735368,307.4367245264632,1.4140209119962324
2024-03-22,green,1477.0,1140.2196405832992,336.7803594167008,1.2953644608721306
2024-03-22,hwadam,0.0,7425.505090713551,-7425.505090713551,0.0
2024-03-22,ski,532.0,2797.7888463028653,-2265.7888463028653,0.19015016115423106
2024-03-23,always,3052.0,3861.279265980448,-809.2792659804481,0.7904116200269297
2024-03-23,b2b,364.0,760.4865269772157,-396.4865269772157,0.4786409582387059
2024-03-23,green,322.0,942.1338296444784,-620.1338296444784,0.3417773461351125
2024-03-23,hwadam,0.0,8031.806355753568,-8031.806355753568,0.0
2024-03-23,ski,420.0,2886.5687675721692,-2466.5687675721692,0.14550147036796665
2024-03-24,always,2345.0,2800.1814212856793,-455.18142128567933,0.8374457391133298
2024-03-24,b2b,0.0,599.2369337984572,-599.2369337984572,0.0
2024-03-24,green,161.0,769.5475074904355,-608.5475074904355,0.2092138541583166
2024-03-24,hwadam,0.0,7796.689598608546,-7796.689598608546,0.0
2024-03-24,ski,273.0,1350.1798815502855,-1077.1798815502855,0.20219528059219755
2024-03-25,always,749.0,2075.9657645290754,-1326.9657645290754,0.3607959306447945
2024-03-25,b2b,252.0,604.0515421498943,-352.0515421498943,0.41718294287123375
2024-03-25,green,630.0,905.7252061864536,-275.72520618645365,0.6955752094529954
2024-03-25,hwadam,0.0,6618.0498424984635,-6618.0498424984635,0.0
2024-03-25,ski,119.0,1038.5594723336203,-919.5594723336203,0.11458178676336138
2024-03-26,always,938.0,2014.95971206977,-1076.95971206977,0.465517992434938
2024-03-26,b2b,175.0,572.2042671421815,-397.2042671421815,0.3058348391458534
2024-03-26,green,0.0,1011.9884351171597,-1011.9884351171597,0.0
2024-03-26,hwadam,0.0,6664.292666383434,-6664.292666383434,0.0
2024-03-26,ski,154.0,984.3884224707532,-830.3884224707532,0.15644231127126593
2024-03-27,always,665.0,1966.9529020056116,-1301.9529020056116,0.3380863869805576
2024-03-27,b2b,217.0,598.6449750530435,-381.6449750530435,0.362485294361274
2024-03-27,green,490.0,887.6858955542357,-397.6858955542357,0.5519970548749832
2024-03-27,hwadam,0.0,5191.359662706096,-5191.359662706096,0.0
2024-03-27,ski,329.0,967.3340240529983,-638.3340240529983,0.3401100259262407
2024-03-28,always,2604.0,2124.7945640135495,479.20543598645054,1.225530243771555
2024-03-28,b2b,371.0,592.3809364557362,-221.38093645573622,0.6262861904701449
2024-03-28,green,2044.0,1388.301464900122,655.698535099878,1.472302703467255
2024-03-28,hwadam,0.0,6022.73752662222,-6022.73752662222,0.0
2024-03-28,ski,14.0,1279.2714051114112,-1265.2714051114112,0.010943729332229344
2024-03-29,always,4655.0,2952.693541311042,1702.3064586889582,1.5765266306414947
2024-03-29,b2b,637.0,737.830848419532,-100.830848419532,0.863341511627609
2024-03-29,green,1330.0,1126.8314932659935,203.16850673400654,1.180300699748057
2024-03-29,hwadam,4193.0,10447.84579497575,-6254.84579497575,0.4013267502489715
2024-03-29,ski,560.0,1414.7132797566828,-854.7132797566828,0.39583992602113316
2024-03-30,always,4081.0,4167.770151521699,-86.77015152169861,0.9791806773485294
2024-03-30,b2b,1428.0,784.7549534338673,643.2450465661327,1.8196763126520872
2024-03-30,green,595.0,1262.3471649209712,-667.3471649209712,0.4713441884564693
2024-03-30,hwadam,10066.0,11608.589948756846,-1542.5899487568458,0.8671165097943665
2024-03-30,ski,1652.0,1961.468197529155,-309.4681975291551,0.8422262477061878
2024-03-31,always,3276.0,3823.246184067216,-547.2461840672158,0.8568634721070856
2024-03-31,b2b,14.0,733.5122456316615,-719.5122456316615,0.0190862525927484
2024-03-31,green,224.0,1069.4367327997277,-845.4367327997277,0.2094560558188235
2024-03-31,hwadam,10794.0,10731.888436446761,62.11156355323874,1.0057875707449866
2024-03-31,ski,2184.0,2004.8246849891061,179.17531501089388,1.089372061483704
2024-04-01,always,1750.0,3642.271313193948,-1892.2713131939481,0.48046942402690085
2024-04-01,b2b,1855.0,917.0850798836861,937.9149201163139,2.022713094662133
2024-04-01,green,0.0,1619.1401924218135,-1619.1401924218135,0.0
2024-04-01,hwadam,0.0,10837.592877878162,-10837.592877878162,0.0
2024-04-01,ski,581.0,2630.7242137578273,-2049.7242137578273,0.22085173237147399
2024-04-02,always,3465.0,2650.941592883092,814.0584071169078,1.3070827396961093
2024-04-02,b2b,1029.0,859.2403205871166,169.75967941288343,1.1975694987135697
2024-04-02,green,7.0,1222.805716608718,-1215.805716608718,0.005724539806220017
2024-04-02,hwadam,9219.0,9216.815058695816,2.184941304183667,1.0002370603392028
2024-04-02,ski,1316.0,2176.8106296574583,-860.8106296574583,0.6045541959738983
2024-04-03,always,2772.0,2754.0686655506865,17.931334449313454,1.0065108523522335
2024-04-03,b2b,280.0,904.1253448871655,-624.1253448871655,0.30969157272650494
2024-04-03,green,56.0,1228.6258051190994,-1172.6258051190994,0.04557937800644805
2024-04-03,hwadam,4907.0,5429.534201783018,-522.534201783018,0.9037607679842183
2024-04-03,ski,1204.0,1865.826410054104,-661.8264100541039,0.6452904694199753
2024-04-04,always,3059.0,3023.2811477530463,35.7188522469537,1.0118145982795879
2024-04-04,b2b,3283.0,790.6621102602052,2492.3378897397947,4.152216170975453
2024-04-04,green,266.0,2117.915594667684,-1851.9155946676842,0.12559518456246
2024-04-04,hwadam,8841.0,3152.093496246383,5688.906503753617,2.8048025893039514
2024-04-04,ski,2597.0,1528.8759572264203,1068.1240427735797,1.6986335534449084
2024-04-05,always,4074.0,4260.131904246694,-186.13190424669392,0.956308417572435
2024-04-05,b2b,259.0,891.2664808202815,-632.2664808202815,0.29059771187807726
2024-04-05,green,273.0,1630.5595493661835,-1357.5595493661835,0.16742718786696145
2024-04-05,hwadam,10199.0,5095.736764660713,5103.263235339287,2.001477013241887
2024-04-05,ski,2548.0,2400.571266922397,147.42873307760283,1.0614140205329587
2024-04-06,always,4816.0,4616.545320855167,199.45467914483288,1.0432043151929646
2024-04-06,b2b,301.0,851.6158964914699,-550.6158964914699,0.3534457273990246
2024-04-06,green,609.0,1207.3512802981286,-598.3512802981286,0.5044099508882129
2024-04-06,hwadam,12068.0,7034.874067698651,5033.125932301349,1.7154535936060982
2024-04-06,ski,3255.0,3019.27415739925,235.72584260075018,1.078073679405053
2024-04-07,always,4046.0,4051.1055869427587,-5.105586942758691,0.9987397052895352
2024-04-07,b2b,14.0,672.3753608496771,-658.3753608496771,0.02082170289867296
2024-04-07,green,294.0,952.649470640577,-658.649470640577,0.30861298836633966
2024-04-07,hwadam,13006.0,8182.974316689823,4823.025683310177,1.589397631796697
2024-04-07,ski,2688.0,2652.877510966399,35.12248903360114,1.0132393934090107
2024-04-08,always,1309.0,3135.7788066704106,-1826.7788066704106,0.4174401578375052
2024-04-08,b2b,28.0,855.9836008176003,-827.9836008176003,0.03271090704688215
2024-04-08,green,0.0,1465.759832298692,-1465.759832298692,0.0
2024-04-08,hwadam,0.0,3475.601301297967,-3475.601301297967,0.0
2024-04-08,ski,770.0,1921.506771396109,-1151.506771396109,0.4007271852810288
2024-04-09,always,3003.0,3266.171108714239,-263.1711087142389,0.9194251923874744
2024-04-09,b2b,266.0,766.3309752722332,-500.3309752722332,0.3471085060936047
2024-04-09,green,427.0,1326.5616475866807,-899.5616475866807,0.3218847769169347
2024-04-09,hwadam,11620.0,3140.4324055587704,8479.567594441229,3.700127402656985
2024-04-09,ski,2947.0,2141.1974669723386,805.8025330276614,1.376332657523208
2024-04-10,always,4473.0,3957.05649995947,515.9435000405301,1.1303856793669271
2024-04-10,b2b,252.0,960.5132642693236,-708.5132642693236,0.2623597292971275
2024-04-10,green,455.0,1289.415482375698,-834.415482375698,0.35287307017725594
2024-04-10,hwadam,12313.0,4613.6436786123195,7699.3563213876805,2.668823354755362
2024-04-10,ski,2212.0,2416.2047932608634,-204.20479326086343,0.9154853124079467
2024-04-11,always,4753.0,3499.009562395653,1253.9904376043469,1.3583843985684287
2024-04-11,b2b,196.0,990.8382470046777,-794.8382470046777,0.19781230750075668
2024-04-11,green,1071.0,2164.5767153177326,-1093.5767153177326,0.4947849583805537
2024-04-11,hwadam,11886.0,5033.660222863636,6852.339777136364,2.361303598922314
2024-04-11,ski,1988.0,2235.712125930385,-247.7121259303849,0.8892021369579054
2024-04-12,always,6230.0,4395.373510721399,1834.6264892786012,1.4173994507641945
2024-04-12,b2b,420.0,990.7563701752466,-570.7563701752466,0.42391854611614527
2024-04-12,green,3031.0,1736.6373104420761,1294.3626895579239,1.7453270074155165
2024-04-12,hwadam,12313.0,7225.2886035246165,5087.7113964753835,1.7041533806682148
2024-04-12,ski,2016.0,3952.5462503011204,-1936.5462503011204,0.510050957619133
2024-04-13,always,6202.0,5473.962108972088,728.0378910279123,1.1330001699928876
2024-04-13,b2b,364.0,1071.4933096867453,-707.4933096867453,0.339712807078951
2024-04-13,green,322.0,1485.7625293101892,-1163.7625293101892,0.21672373185336583
2024-04-13,hwadam,14854.0,7644.525083021709,7209.474916978291,1.9430899681381577
2024-04-13,ski,2100.0,3929.668656765663,-1829.668656765663,0.5343962006528096
2024-04-14,always,4718.0,4503.341240986885,214.65875901311483,1.047666554126392
2024-04-14,b2b,0.0,666.6760362729227,-666.6760362729227,0.0
2024-04-14,green,189.0,1158.1337539632077,-969.1337539632077,0.1631935856745647
2024-04-14,hwadam,13615.0,7857.792286374518,5757.207713625482,1.732674968210668
2024-04-14,ski,1855.0,3495.876577245443,-1640.876577245443,0.530625140508146
2024-04-15,always,1757.0,3526.2598086895746,-1769.2598086895746,0.49826164132044903
2024-04-15,b2b,42.0,989.9843933726853,-947.9843933726853,0.042424911221998284
2024-04-15,green,455.0,1748.1539420489794,-1293.1539420489794,0.26027456109883707
2024-04-15,hwadam,0.0,4750.777565923458,-4750.777565923458,0.0
2024-04-15,ski,392.0,2609.0822950402007,-2217.0822950402007,0.15024439847879925
2024-04-16,always,2758.0,3508.647166611792,-750.6471666117918,0.7860579502678601
2024-04-16,b2b,1449.0,890.0406042219737,558.9593957780263,1.6280156131378287
2024-04-16,green,1533.0,1470.3096975766089,62.69030242339113,1.0426374814277009
2024-04-16,hwadam,7700.0,4463.7033641711105,3236.2966358288895,1.7250250233484892
2024-04-16,ski,1645.0,2432.8827229330714,-787.8827229330714,0.6761526087935699
2024-04-17,always,3395.0,3718.8470733029108,-323.84707330291076,0.9129173459086919
2024-04-17,b2b,784.0,974.7326470799685,-190.7326470799685,0.8043231160345853
2024-04-17,green,168.0,1434.9234971548037,-1266.9234971548037,0.11707941247956
2024-04-17,hwadam,7847.0,5858.728973593538,1988.2710264064617,1.3393690056952618
2024-04-17,ski,3073.0,2574.916808210113,498.0831917898872,1.1934366151953923
2024-04-18,always,2730.0,3756.9842389868313,-1026.9842389868313,0.7266466469756114
2024-04-18,b2b,868.0,1101.2929879540875,-233.2929879540875,0.7881644662175826
2024-04-18,green,3955.0,2026.6123127752737,1928.3876872247263,1.951532602002187
2024-04-18,hwadam,8519.0,6345.045225859025,2173.954774140975,1.3426224237584774
2024-04-18,ski,1981.0,2487.8910030370644,-506.89100303706437,0.7962567482183572
2024-04-19,always,4928.0,4886.745926280142,41.25407371985784,1.0084420336850337
2024-04-19,b2b,560.0,920.66164999632,-360.66164999631997,0.6082582021334748
2024-04-19,green,595.0,1769.2518842726233,-1174.2518842726233,0.33630033421985983
2024-04-19,hwadam,9163.0,7338.815479641587,1824.1845203584126,1.2485666147921057
2024-04-19,ski,2828.0,2689.939820635806,138.06017936419403,1.0513246349621166
2024-04-20,always,4970.0,5670.739097171714,-700.7390971717141,0.8764289654021981
2024-04-20,b2b,665.0,991.1855934487448,-326.18559344874484,0.670913706166965
2024-04-20,green,833.0,1355.477584157022,-522.477584157022,0.6145435451948449
2024-04-20,hwadam,5586.0,8965.89737170237,-3379.897371702369,0.6230274303194904
2024-04-20,ski,952.0,3242.609161199828,-2290.609161199828,0.2935907328553101
2024-04-21,always,4039.0,5167.238750716377,-1128.2387507163767,0.7816553859525148
2024-04-21,b2b,217.0,719.3477949431384,-502.3477949431384,0.30166214663541574
2024-04-21,green,280.0,1223.4406772253426,-943.4406772253426,0.22886275175598683
2024-04-21,hwadam,10297.0,10396.00175611632,-99.0017561163204,0.9904769392658024
2024-04-21,ski,1918.0,3597.664096227203,-1679.6640962272031,0.5331237015738538
2024-04-22,always,1575.0,3438.3509314600838,-1863.3509314600838,0.4580684262298909
2024-04-22,b2b,-28.0,1004.8575232138388,-1032.8575232138387,-0.027864646831172162
2024-04-22,green,2499.0,1840.5974373174506,658.4025626825494,1.3577113329257524
2024-04-22,hwadam,0.0,4693.2294202576495,-4693.2294202576495,0.0
2024-04-22,ski,252.0,2312.552861390187,-2060.552861390187,0.108970482018954
2024-04-23,always,3717.0,3204.378772923712,512.621227076288,1.159975228711357
2024-04-23,b2b,1624.0,809.475984646631,814.524015353369,2.006236171056936
2024-04-23,green,126.0,1350.2570008517116,-1224.2570008517116,0.09331556875507555
2024-04-23,hwadam,5782.0,5086.889835862805,695.1101641371952,1.1366473791582112
2024-04-23,ski,3087.0,2007.7572701040597,1079.2427298959403,1.5375364572033174
2024-04-24,always,1456.0,3600.124406740951,-2144.124406740951,0.40443046836763585
2024-04-24,b2b,581.0,828.1042638803027,-247.1042638803027,0.7016024736759234
2024-04-24,green,126.0,1407.2966298130264,-1281.2966298130264,0.08953336299593098
2024-04-24,hwadam,2828.0,5190.326033434103,-2362.326033434103,0.5448597991307486
2024-04-24,ski,5334.0,2201.9885119179917,3132.0114880820083,2.4223559619545614
2024-04-25,always,4053.0,3554.3853500719842,498.61464992801575,1.1402815397936292
2024-04-25,b2b,742.0,1093.0791440302971,-351.07914403029713,0.6788163547464353
2024-04-25,green,3465.0,2273.0791283932276,1191.9208716067724,1.5243640033109211
2024-04-25,hwadam,5229.0,5905.940505460728,-676.9405054607278,0.8853797282863216
2024-04-25,ski,1939.0,2335.416202621557,-396.4162026215572,0.8302588625630964
2024-04-26,always,5418.0,4862.282419501742,555.717580498258,1.1142915060362135
2024-04-26,b2b,1449.0,915.4876101609392,533.5123898390608,1.582763091403576
2024-04-26,green,4424.0,1494.8323677618312,2929.167632238169,2.9595291722401798
2024-04-26,hwadam,6650.0,5584.997141882851,1065.0028581171491,1.1906899557979198
2024-04-26,ski,2730.0,2535.9648460224707,194.03515397752926,1.0765133453178042
2024-04-27,always,6678.0,5439.213307554884,1238.7866924451164,1.2277510776649416
2024-04-27,b2b,287.0,978.1374816263262,-691.1374816263262,0.29341478615338595
2024-04-27,green,819.0,1403.2331298284696,-584.2331298284696,0.5836521263577308
2024-04-27,hwadam,11767.0,5377.694926625958,6389.305073374042,2.1881122229041696
2024-04-27,ski,3472.0,3097.0070194882965,374.99298051170354,1.12108237990809
2024-04-28,always,5600.0,5028.658190824528,571.341809175472,1.1136171494451468
2024-04-28,b2b,0.0,715.8602113899744,-715.8602113899744,0.0
2024-04-28,green,497.0,1334.3990692870302,-837.3990692870302,0.37245229814612146
2024-04-28,hwadam,12831.0,5869.507431440676,6961.492568559324,2.1860437438530713
2024-04-28,ski,3164.0,3105.2828769104863,58.717123089513734,1.0189087839713762
2024-04-29,always,1260.0,3532.4937496889465,-2272.4937496889465,0.356688529204319
2024-04-29,b2b,308.0,1037.9123384752788,-729.9123384752788,0.29674953132598875
2024-04-29,green,833.0,1582.1428634996678,-749.1428634996678,0.5265011265527697
2024-04-29,hwadam,0.0,4517.760501822515,-4517.760501822515,0.0
2024-04-29,ski,273.0,2400.3499604976837,-2127.3499604976837,0.1137334157488422
2024-04-30,always,3829.0,3860.582222647794,-31.58222264779397,0.9918193109675221
2024-04-30,b2b,147.0,1032.9866448861605,-885.9866448861605,0.14230580881924182
2024-04-30,green,364.0,1571.5823015833353,-1207.5823015833353,0.23161370526588257
2024-04-30,hwadam,4480.0,3929.676064228873,550.3239357711268,1.1400430790671592
2024-04-30,ski,4060.0,2346.597636179585,1713.4023638204148,1.730164531576852
2024-05-01,always,4277.0,3652.155723783318,624.8442762166819,1.1710891658172224
2024-05-01,b2b,14.0,836.2781246678576,-822.2781246678576,0.01674084205605682
2024-05-01,green,364.0,1322.8437286756186,-958.8437286756186,0.27516477729718164
2024-05-01,hwadam,9261.0,3584.0621687899234,5676.937831210076,2.58393955346114
2024-05-01,ski,1484.0,2701.82372679064,-1217.8237267906402,0.5492586304891062
2024-05-02,always,2366.0,3752.3300298948498,-1386.3300298948498,0.6305415518224823
2024-05-02,b2b,21.0,909.2025748912209,-888.2025748912209,0.023097162920499303
2024-05-02,green,196.0,2489.4288998596107,-2293.4288998596107,0.07873291742176419
2024-05-02,hwadam,3339.0,4136.62181315929,-797.6218131592896,0.8071803879624866
2024-05-02,ski,224.0,2120.183354978641,-1896.183354978641,0.10565123977320187
2024-05-03,always,2919.0,4756.653432190598,-1837.6534321905983,0.6136667389399657
2024-05-03,b2b,378.0,943.6445898537924,-565.6445898537924,0.40057454264488185
2024-05-03,green,686.0,2150.2466192391853,-1464.2466192391853,0.31903317222408895
2024-05-03,hwadam,3857.0,4566.504738626779,-709.5047386267788,0.8446284895698721
2024-05-03,ski,2023.0,2609.049513846135,-586.0495138461351,0.7753781556325433
2024-05-04,always,5159.0,6199.471815156113,-1040.4718151561128,0.8321676674757312
2024-05-04,b2b,308.0,938.3348631616295,-630.3348631616295,0.32824102790151427
2024-05-04,green,1372.0,1566.9554116690822,-194.9554116690822,0.8755833061890251
2024-05-04,hwadam,10430.0,5469.530490433499,4960.469509566501,1.9069278465935289
2024-05-04,ski,3976.0,3075.9112472598954,900.0887527401046,1.2926250728274191
2024-05-05,always,6559.0,5479.999104081444,1079.0008959185561,1.196898005898382
2024-05-05,b2b,259.0,763.1015946304545,-504.10159463045454,0.3394043490702248
2024-05-05,green,756.0,1396.191897538982,-640.191897538982,0.5414728457689623
2024-05-05,hwadam,3437.0,5391.288654461401,-1954.2886544614012,0.6375099202220998
2024-05-05,ski,511.0,2818.7667790062,-2307.7667790062,0.18128495191793093
2024-05-06,always,3360.0,4311.7217603983145,-951.7217603983145,0.7792710630960578
2024-05-06,b2b,0.0,757.8542318091969,-757.8542318091969,0.0
2024-05-06,green,126.0,1482.5686969522417,-1356.5686969522417,0.08498763009027625
2024-05-06,hwadam,1708.0,5912.0602196025575,-4204.0602196025575,0.28890098147796295
2024-05-06,ski,392.0,3086.4406240097264,-2694.4406240097264,0.127007141154958
2024-05-07,always,2289.0,3510.762657790059,-1221.7626577900592,0.651995085717606
2024-05-07,b2b,343.0,1042.4684094385482,-699.4684094385482,0.32902675696881084
2024-05-07,green,98.0,1539.9145605993788,-1441.9145605993788,0.06363989438599477
2024-05-07,hwadam,1008.0,3702.029330453432,-2694.029330453432,0.2722830939528343
2024-05-07,ski,175.0,2590.822345115957,-2415.822345115957,0.06754612114948683
2024-05-08,always,2254.0,3685.938230327745,-1431.9382303277448,0.6115132319511442
2024-05-08,b2b,28.0,898.0177845937751,-870.0177845937751,0.031179783385543978
2024-05-08,green,959.0,1225.8656534352485,-266.86565343524853,0.7823043229187393
2024-05-08,hwadam,2177.0,4506.269423426015,-2329.2694234260152,0.4831047137756082
2024-05-08,ski,273.0,2564.1607448112727,-2291.1607448112727,0.10646758419979374
2024-05-09,always,2177.0,3604.8116581356935,-1427.8116581356935,0.603915046459288
2024-05-09,b2b,427.0,1138.3035466260371,-711.3035466260371,0.37511962539837435
2024-05-09,green,3045.0,2558.3485021406746,486.65149785932545,1.1902209560003745
2024-05-09,hwadam,2772.0,3734.301702338483,-962.3017023384832,0.7423074569106525
2024-05-09,ski,1386.0,2274.778355039216,-888.778355039216,0.609290130148133
2024-05-10,always,4179.0,4363.935350024607,-184.93535002460703,0.9576218859375256
2024-05-10,b2b,756.0,994.2784604770656,-238.27846047706555,0.7603503747202399
2024-05-10,green,637.0,2366.9803257549306,-1729.9803257549306,0.2691192626608899
2024-05-10,hwadam,2877.0,3725.750665687161,-848.750665687161,0.7721933801142806
2024-05-10,ski,2737.0,2834.709562698436,-97.709562698436,0.965531014540543
2024-05-11,always,5229.0,5814.977575441627,-585.9775754416269,0.8992296070209481
2024-05-11,b2b,343.0,960.2096557677537,-617.2096557677537,0.3572136542677733
2024-05-11,green,973.0,1746.4343454867596,-773.4343454867596,0.557135172309503
2024-05-11,hwadam,5698.0,6785.320657988633,-1087.3206579886328,0.8397539758554393
2024-05-11,ski,1505.0,3341.300631245434,-1836.300631245434,0.450423402769067
2024-05-12,always,4641.0,5396.054662582069,-755.0546625820689,0.860072829169457
2024-05-12,b2b,0.0,705.9347849683412,-705.9347849683412,0.0
2024-05-12,green,287.0,1407.4484695951467,-1120.4484695951467,0.20391510325245207
2024-05-12,hwadam,6461.0,5391.490722315657,1069.509277684343,1.1983698633213982
2024-05-12,ski,1883.0,3243.596168767132,-1360.596168767132,0.5805284943087459
2024-05-13,always,1309.0,3575.4323157359786,-2266.4323157359786,0.3661095734462397
2024-05-13,b2b,0.0,892.6492177455242,-892.6492177455242,0.0
2024-05-13,green,0.0,2177.276028792837,-2177.276028792837,0.0
2024-05-13,hwadam,0.0,3655.556752196518,-3655.556752196518,0.0
2024-05-13,ski,42.0,2602.1299410036677,-2560.1299410036677,0.01614062362458355
2024-05-14,always,2289.0,3965.302917898978,-1676.3029178989782,0.5772572858602263
2024-05-14,b2b,112.0,968.351409940201,-856.351409940201,0.11566049148099694
2024-05-14,green,392.0,1803.9870056131056,-1411.9870056131056,0.21729646542923647
2024-05-14,hwadam,3262.0,2985.68566604892,276.3143339510798,1.0925463578075645
2024-05-14,ski,392.0,2596.4169238192126,-2204.4169238192126,0.1509772935170156
2024-05-15,always,4207.0,3985.958971070039,221.04102892996116,1.055454918260391
2024-05-15,b2b,0.0,739.9212483921339,-739.9212483921339,0.0
2024-05-15,green,280.0,1327.0501950735413,-1047.0501950735413,0.21099427967340995
2024-05-15,hwadam,4081.0,3932.8023470363914,148.19765296360856,1.0376824563978622
2024-05-15,ski,1414.0,3213.917441904763,-1799.917441904763,0.4399615190992515
2024-05-16,always,2380.0,3498.8437695398584,-1118.8437695398584,0.6802247132952152
2024-05-16,b2b,315.0,862.8952292069553,-547.8952292069553,0.3650501119232066
2024-05-16,green,1862.0,3082.309101621583,-1220.309101621583,0.6040925613269654
2024-05-16,hwadam,2856.0,2952.499810898658,-96.49981089865787,0.9673158959934748
2024-05-16,ski,399.0,2347.2669923349877,-1948.2669923349877,0.1699849234462618
2024-05-17,always,2905.0,4862.594653880712,-1957.594653880712,0.5974176765241154
2024-05-17,b2b,868.0,867.8282598352754,0.17174016472461062,1.0001978964879032
2024-05-17,green,2352.0,2031.791520836956,320.2084791630441,1.157599082326685
2024-05-17,hwadam,3353.0,3713.751688495038,-360.7516884950378,0.9028605790708563
2024-05-17,ski,1141.0,3272.3322426192503,-2131.3322426192503,0.34868097595332104
2024-05-18,always,4151.0,5961.764345903026,-1810.764345903026,0.6962703923130745
2024-05-18,b2b,273.0,836.7419371474103,-563.7419371474103,0.32626546833627285
2024-05-18,green,595.0,1581.2153340211396,-986.2153340211396,0.37629283450399764
2024-05-18,hwadam,8190.0,6602.499747785549,1587.5002522144514,1.2404392749498994
2024-05-18,ski,2156.0,3234.3538245900663,-1078.3538245900663,0.6665937361609654
2024-05-19,always,4543.0,5315.28875531852,-772.2887553185201,0.8547042708553205
2024-05-19,b2b,77.0,688.0850847966817,-611.0850847966817,0.11190476541538796
2024-05-19,green,294.0,1365.2353334836334,-1071.2353334836334,0.21534748829698708
2024-05-19,hwadam,5684.0,6113.02454849633,-429.02454849632977,0.929817957527774
2024-05-19,ski,2296.0,2978.0244203057177,-682.0244203057177,0.7709809175319984
2024-05-20,always,2478.0,3380.5112315907645,-902.5112315907645,0.7330252231802021
2024-05-20,b2b,35.0,747.8256002546037,-712.8256002546037,0.04680235604141386
2024-05-20,green,0.0,1647.5493158066502,-1647.5493158066502,0.0
2024-05-20,hwadam,0.0,2827.892273757298,-2827.892273757298,0.0
2024-05-20,ski,1617.0,1917.4418958741246,-300.4418958741246,0.8433110820616763
2024-05-21,always,2926.0,3012.486628297146,-86.48662829714613,0.9712906183600111
2024-05-21,b2b,14.0,895.1267696748477,-881.1267696748477,0.015640242783807552
2024-05-21,green,182.0,1160.0832805962107,-978.0832805962107,0.156885288361766
2024-05-21,hwadam,3017.0,2325.105334271631,691.8946657283691,1.297575621856768
2024-05-21,ski,350.0,2380.6706500751684,-2030.6706500751684,0.14701739612278958
2024-05-22,always,3213.0,3198.618063224084,14.381936775916074,1.0044962969919013
2024-05-22,b2b,189.0,797.7991909306809,-608.7991909306809,0.23690171931550857
2024-05-22,green,742.0,1596.738003471671,-854.7380034716709,0.4646974008176191
2024-05-22,hwadam,2331.0,2909.054711943088,-578.054711943088,0.8012912202820072
2024-05-22,ski,1113.0,2674.309595755454,-1561.3095957554542,0.4161821809137223
2024-05-23,always,4613.0,3196.8431777738137,1416.1568222261863,1.4429860157270384
2024-05-23,b2b,770.0,738.2953509744924,31.704649025507592,1.0429430430296762
2024-05-23,green,3472.0,2087.284810316994,1384.715189683006,1.663405004836264
2024-05-23,hwadam,2989.0,2243.98487121286,745.0151287871399,1.3320054151632776
2024-05-23,ski,2569.0,2243.993171013609,325.00682898639116,1.144834143519067
2024-05-24,always,4508.0,4312.386578593938,195.61342140606212,1.0453608269669188
2024-05-24,b2b,140.0,746.1207143371187,-606.1207143371187,0.18763719772125773
2024-05-24,green,2198.0,2024.3120803145348,173.6879196854652,1.085800959928312
2024-05-24,hwadam,2996.0,2810.4045938739077,185.59540612609226,1.0660386787477687
2024-05-24,ski,2520.0,2863.531195420187,-343.53119542018703,0.8800323195467133
2024-05-25,always,4508.0,5311.730539270699,-803.7305392706994,0.8486876295157375
2024-05-25,b2b,574.0,716.0102947415454,-142.0102947415454,0.8016644512174143
2024-05-25,green,945.0,1380.184250034302,-435.18425003430207,0.6846911924813761
2024-05-25,hwadam,6797.0,5124.091472209948,1672.9085277900522,1.326479052308672
2024-05-25,ski,3094.0,2641.8989519563943,452.1010480436057,1.1711273051184692
2024-05-26,always,3906.0,4776.259673621932,-870.259673621932,0.8177947320519119
2024-05-26,b2b,0.0,568.5250728819319,-568.5250728819319,0.0
2024-05-26,green,301.0,1129.5023327486872,-828.5023327486872,0.2664890467888676
2024-05-26,hwadam,3787.0,3725.5426674979053,61.45733250209469,1.0164962095423724
2024-05-26,ski,1078.0,2354.609678643068,-1276.609678643068,0.4578253498988579
2024-05-27,always,1428.0,3389.8946091196226,-1961.8946091196226,0.42125203425449875
2024-05-27,b2b,56.0,738.4613489305588,-682.4613489305588,0.0758333527964589
2024-05-27,green,133.0,1616.5320178644556,-1483.5320178644556,0.08227489374179034
2024-05-27,hwadam,0.0,2345.975200043449,-2345.975200043449,0.0
2024-05-27,ski,812.0,1989.0492633157635,-1177.0492633157635,0.40823523829992453
2024-05-28,always,2989.0,3094.3460344851965,-105.34603448519647,0.9659553154976338
2024-05-28,b2b,231.0,645.7710647747541,-414.7710647747541,0.3577119084463364
2024-05-28,green,546.0,1095.5989371372332,-549.5989371372332,0.49835754808842864
2024-05-28,hwadam,2380.0,1567.4734601708876,812.5265398291124,1.5183670157582954
2024-05-28,ski,1638.0,2035.3114670931784,-397.3114670931784,0.8047908275873782
2024-05-29,always,2884.0,3395.7707166342116,-511.77071663421157,0.8492917339420774
2024-05-29,b2b,791.0,540.434865201307,250.56513479869295,1.4636361399543676
2024-05-29,green,917.0,1261.9105791862364,-344.9105791862364,0.7266758953644262
2024-05-29,hwadam,1981.0,2083.739914315263,-102.73991431526292,0.9506944635415192
2024-05-29,ski,336.0,1814.9647437529175,-1478.9647437529175,0.18512756303201325
2024-05-30,always,3787.0,3464.954083063506,322.045916936494,1.092943776227984
2024-05-30,b2b,791.0,683.0748683885365,107.92513161146348,1.15799897874456
2024-05-30,green,2387.0,2147.4228588168585,239.57714118314152,1.1115649580610028
2024-05-30,hwadam,2324.0,1660.4092671917094,663.5907328082906,1.3996549199768307
2024-05-30,ski,2324.0,1789.6356009968824,534.3643990031176,1.2985883822971895
2024-05-31,always,4879.0,4773.435472471462,105.56452752853784,1.0221150004304722
2024-05-31,b2b,1022.0,851.2184127763609,170.78158722363912,1.200631923205952
2024-05-31,green,2590.0,1604.1459711144582,985.8540288855418,1.6145662842644135
2024-05-31,hwadam,3290.0,2018.9001972946585,1271.0998027053415,1.629600118127991
2024-05-31,ski,4277.0,2997.5126150852498,1279.4873849147502,1.4268497081465532
2024-06-01,always,5383.0,5461.568299647593,-78.56829964759345,0.9856143335875406
2024-06-01,b2b,224.0,914.2826155712287,-690.2826155712287,0.24500083036146159
2024-06-01,green,1029.0,1588.5257955939783,-559.5257955939783,0.647770406281151
2024-06-01,hwadam,6538.0,5337.682752616536,1200.3172473834638,1.2248760938058876
2024-06-01,ski,1953.0,2999.295997107406,-1046.295997107406,0.6511528044859596
2024-06-02,always,2744.0,5656.586744601329,-2912.586744601329,0.4850981915231629
2024-06-02,b2b,0.0,739.3671783083786,-739.3671783083786,0.0
2024-06-02,green,329.0,1555.1920306258874,-1226.1920306258874,0.21154943796078604
2024-06-02,hwadam,4991.0,4928.1713129077825,62.82868709221748,1.0127488845462125
2024-06-02,ski,1897.0,3162.5851099218903,-1265.5851099218903,0.5998257545855745
2024-06-03,always,896.0,4697.593937833672,-3801.5939378336716,0.19073594096410912
2024-06-03,b2b,217.0,880.7103252998736,-663.7103252998736,0.24639202444471572
2024-06-03,green,0.0,1710.1804191441981,-1710.1804191441981,0.0
2024-06-03,hwadam,0.0,3666.3397541772692,-3666.3397541772692,0.0
2024-06-03,ski,378.0,2858.2538133687717,-2480.2538133687717,0.13224857716693983
2024-06-04,always,2849.0,4016.539866965659,-1167.5398669656588,0.7093169978049564
2024-06-04,b2b,875.0,868.2719560262516,6.728043973748413,1.0077487749397551
2024-06-04,green,21.0,1587.126716630603,-1566.126716630603,0.013231457690147158
2024-06-04,hwadam,2464.0,2422.569097727694,41.43090227230596,1.0171020518304996
2024-06-04,ski,1771.0,2338.3723062845147,-567.3723062845147,0.7573644262037881
2024-06-05,always,2709.0,4385.443990722273,-1676.4439907222732,0.6177253673131129
2024-06-05,b2b,161.0,887.5071598407841,-726.5071598407841,0.18140698721673737
2024-06-05,green,3325.0,1698.5355102149142,1626.4644897850858,1.9575687290631272
2024-06-05,hwadam,2037.0,2148.6419400634218,-111.64194006342177,0.9480406958545515
2024-06-05,ski,1736.0,2642.53071398011,-906.5307139801098,0.6569460066503003
2024-06-06,always,4921.0,4433.057942362958,487.9420576370421,1.1100689555564334
2024-06-06,b2b,189.0,990.2242907383835,-801.2242907383835,0.19086584904826745
2024-06-06,green,658.0,2072.749467350155,-1414.749467350155,0.3174527410884831
2024-06-06,hwadam,8988.0,2941.7943612453378,6046.205638754662,3.0552781385423375
2024-06-06,ski,3815.0,2864.0235997179775,950.9764002820225,1.332042096432329
2024-06-07,always,5138.0,4230.371271769456,907.6287282305439,1.2145506079543005
2024-06-07,b2b,105.0,694.3477277447306,-589.3477277447306,0.15122106086678533
2024-06-07,green,798.0,2053.829389685315,-1255.8293896853152,0.3885424972530306
2024-06-07,hwadam,5005.0,2273.4366960910625,2731.5633039089375,2.2015128059670963
2024-06-07,ski,1932.0,3112.882397580522,-1180.8823975805221,0.620646639751518
2024-06-08,always,4284.0,4975.024884074733,-691.0248840747327,0.8611012205613819
2024-06-08,b2b,217.0,849.449236434363,-632.449236434363,0.255459644546714
2024-06-08,green,833.0,1504.98809817765,-671.98809817765,0.5534927492175237
2024-06-08,hwadam,3738.0,4771.7759893136445,-1033.7759893136445,0.7833561358226417
2024-06-08,ski,1106.0,3081.9623714999207,-1975.9623714999207,0.35886226588215453
2024-06-09,always,3136.0,4085.273820296986,-949.2738202969858,0.7676352034028464
2024-06-09,b2b,0.0,648.8529577484385,-648.8529577484385,0.0
2024-06-09,green,217.0,1337.0993027561203,-1120.0993027561203,0.16229161106636192
2024-06-09,hwadam,4529.0,3662.2249064809484,866.7750935190516,1.2366799188070456
2024-06-09,ski,1764.0,2364.0270969235285,-600.0270969235285,0.7461843403976269
2024-06-10,always,1152.0,2470.193542378443,-1318.193542378443,0.4663602184348635
2024-06-10,b2b,594.0,637.817357894751,-43.81735789475101,0.931301089014919
2024-06-10,green,1914.0,1278.1488285544665,635.8511714455335,1.4974781944326898
2024-06-10,hwadam,0.0,2535.224611320447,-2535.224611320447,0.0
2024-06-10,ski,2004.0,2118.690392238946,-114.69039223894606,0.9458673184817032
2024-06-11,always,1150.0,2070.999167365059,-920.9991673650588,0.5552875240713641
2024-06-11,b2b,480.0,459.4047236861256,20.59527631387442,1.044830353829678
2024-06-11,green,1190.0,1013.2268392265481,176.77316077345188,1.1744655332150424
2024-06-11,hwadam,1380.0,1216.8544422209106,163.14555777908936,1.134071547194526
2024-06-11,ski,1130.0,1699.3880762956028,-569.3880762956028,0.6649452327941604
2024-06-12,always,1340.0,1937.1807525449685,-597.1807525449685,0.6917268810561827
2024-06-12,b2b,448.0,433.8279034887458,14.17209651125421,1.032667554109096
2024-06-12,green,1112.0,895.1861686312354,216.81383136876457,1.2421997110391898
2024-06-12,hwadam,1068.0,1056.4141011801069,11.585898819893146,1.010967194405064
2024-06-12,ski,196.0,1523.4799945881362,-1327.4799945881362,0.1286528216295925
2024-06-13,always,657.0,1693.6082531898826,-1036.6082531898826,0.38792914404057227
2024-06-13,b2b,249.0,377.7559273228723,-128.7559273228723,0.659155772259205
2024-06-13,green,798.0,1045.6229908794512,-247.6229908794512,0.7631813827360655
2024-06-13,hwadam,1068.0,1284.4722373018146,-216.47223730181463,0.831469897896322
2024-06-13,ski,963.0,1516.9502279315705,-553.9502279315705,0.6348263656040275
2024-06-14,always,806.0,1381.6621320720674,-575.6621320720674,0.5833553524342803
2024-06-14,b2b,496.0,257.78691117569474,238.21308882430526,1.9240697587704563
2024-06-14,green,1206.0,808.9441400247276,397.05585997527237,1.490832234674616
2024-06-14,hwadam,660.0,758.897009412911,-98.89700941291096,0.8696832268591775
2024-06-14,ski,502.0,1133.806536462819,-631.8065364628189,0.44275631146571903
2024-06-15,always,582.0,761.6506181551194,-179.65061815511945,0.764129885970195
2024-06-15,b2b,40.0,112.35386197499743,-72.35386197499743,0.35601802463097676
2024-06-15,green,266.0,227.82607729140483,38.17392270859517,1.1675573014399407
2024-06-15,hwadam,731.0,598.2589417602999,132.74105823970012,1.2218789373195604
2024-06-15,ski,356.0,472.8667329536074,-116.86673295360742,0.7528548218572333
