td,store,actual,pred,residual,resid_ratio
2023-08-26,느티나무 셀프BBQ,130.0,225.79596227932302,-95.79596227932302,0.5757410304759226
2023-08-26,담하,349.0,397.3867048677985,-48.38670486779853,0.8782377360010177
2023-08-26,라그로타,48.0,81.20203914163096,-33.20203914163096,0.5911181604230328
2023-08-26,미라시아,199.0,244.0968129915862,-45.096812991586205,0.8152502999162851
2023-08-26,연회장,40.0,134.97778082971905,-94.97778082971905,0.29634507067842464
2023-08-26,카페테리아,143.0,280.5686066002292,-137.5686066002292,0.5096792607440749
2023-08-26,포레스트릿,63.0,72.76127048377691,-9.761270483776912,0.8658452440580554
2023-08-26,화담숲주막,324.0,261.4456043197067,62.55439568029328,1.2392635203910298
2023-08-26,화담숲카페,143.0,115.62049380189073,27.37950619810927,1.236804958167905
2023-08-27,느티나무 셀프BBQ,252.0,387.9440164008322,-135.9440164008322,0.6495782621882951
2023-08-27,담하,394.0,633.1667919225504,-239.16679192255037,0.6222688950626369
2023-08-27,라그로타,36.0,129.32220614702698,-93.32220614702698,0.27837446539592314
2023-08-27,미라시아,348.0,454.9961151533577,-106.99611515335772,0.764841695148772
2023-08-27,연회장,4.0,272.1115121311059,-268.1115121311059,0.014699855837311147
2023-08-27,카페테리아,356.0,569.3126200875106,-213.3126200875106,0.6253154900119345
2023-08-27,포레스트릿,152.0,132.6632586473803,19.336741352619697,1.1457580761227708
2023-08-27,화담숲주막,436.0,367.4940363678245,68.50596363217551,1.1864138104369344
2023-08-27,화담숲카페,228.0,212.26326691554925,15.736733084450748,1.0741378068524299
2023-08-28,느티나무 셀프BBQ,240.0,433.07506523369096,-193.07506523369096,0.5541764448398662
2023-08-28,담하,339.0,722.7718836633791,-383.77188366337907,0.46902765265546015
2023-08-28,라그로타,0.0,152.72329767496151,-152.72329767496151,0.0
2023-08-28,미라시아,423.0,476.11834017630747,-53.11834017630747,0.8884345850726152
2023-08-28,연회장,753.0,394.35399031137536,358.64600968862464,1.9094519606748337
2023-08-28,카페테리아,315.0,648.3642005414707,-333.3642005414707,0.4858380517260714
2023-08-28,포레스트릿,0.0,94.43119693032537,-94.43119693032537,0.0
2023-08-28,화담숲주막,0.0,238.86585825404785,-238.86585825404785,0.0
2023-08-28,화담숲카페,0.0,118.17809911412814,-118.17809911412814,0.0
2023-08-29,느티나무 셀프BBQ,948.0,832.6357531182017,115.3642468817983,1.1385530785217448
2023-08-29,담하,416.0,894.548027281813,-478.548027281813,0.46503931294115514
2023-08-29,라그로타,52.0,223.09641806768832,-171.09641806768832,0.23308307883375787
2023-08-29,미라시아,384.0,672.5832957685038,-288.58329576850383,0.5709330017797064
2023-08-29,연회장,20.0,538.4111634580117,-518.4111634580117,0.03714633231515399
2023-08-29,카페테리아,1348.0,1063.5855516422857,284.41444835771426,1.2674109740570931
2023-08-29,포레스트릿,0.0,116.9610790012668,-116.9610790012668,0.0
2023-08-29,화담숲주막,228.0,214.96939846192697,13.030601538073029,1.0606160766662835
2023-08-29,화담숲카페,96.0,161.2957809775012,-65.29578097750121,0.5951798578872365
2023-08-30,느티나무 셀프BBQ,2250.0,1051.0072752472117,1198.9927247527883,2.140803449215676
2023-08-30,담하,1115.0,1210.7641386767189,-95.76413867671886,0.9209060331260038
2023-08-30,라그로타,55.0,280.5633860941224,-225.5633860941224,0.1960341324849451
2023-08-30,미라시아,615.0,651.3576539629815,-36.357653962981544,0.944181735269748
2023-08-30,연회장,275.0,727.4854240725996,-452.4854240725996,0.3780144466132373
2023-08-30,카페테리아,405.0,1385.804728302196,-980.804728302196,0.2922489667762798
2023-08-30,포레스트릿,0.0,137.24550969534707,-137.24550969534707,0.0
2023-08-30,화담숲주막,255.0,259.87640758720784,-4.8764075872078365,0.9812356664751438
2023-08-30,화담숲카페,70.0,126.31674183015558,-56.31674183015558,0.5541624885648286
2023-08-31,느티나무 셀프BBQ,3576.0,1481.064649338453,2094.935350661547,2.414479342003937
2023-08-31,담하,1884.0,1590.2110511502378,293.78894884976216,1.1847484009353713
2023-08-31,라그로타,108.0,348.0415133524829,-240.04151335248292,0.31030781058184226
2023-08-31,미라시아,594.0,931.1937619807761,-337.1937619807761,0.6378908711077285
2023-08-31,연회장,1374.0,931.2679398194981,442.7320601805019,1.4754078190067554
2023-08-31,카페테리아,1488.0,2069.127558688248,-581.127558688248,0.7191436766437629
2023-08-31,포레스트릿,0.0,185.79412579734594,-185.79412579734594,0.0
2023-08-31,화담숲주막,396.0,411.0800240545199,-15.080024054519924,0.9633160864743943
2023-08-31,화담숲카페,174.0,198.92813677185134,-24.928136771851342,0.8746877280590972
2023-09-01,느티나무 셀프BBQ,1218.0,1655.823792192063,-437.8237921920629,0.7355855168547556
2023-09-01,담하,1897.0,2194.5329934982915,-297.5329934982915,0.864420815554021
2023-09-01,라그로타,168.0,404.7397798626948,-236.73977986269477,0.41508151251402287
2023-09-01,미라시아,1358.0,1457.242088721559,-99.24208872155896,0.9318973220100826
2023-09-01,연회장,210.0,1072.6296022255037,-862.6296022255037,0.19578053744208596
2023-09-01,카페테리아,2289.0,2965.432850261415,-676.4328502614148,0.7718940591752788
2023-09-01,포레스트릿,0.0,244.6276783908655,-244.6276783908655,0.0
2023-09-01,화담숲주막,854.0,557.7437728428508,296.25622715714917,1.5311690449668578
2023-09-01,화담숲카페,392.0,402.5198968544483,-10.519896854448291,0.9738649022404666
2023-09-02,느티나무 셀프BBQ,1134.0,1564.2093872460857,-430.2093872460857,0.7249668805507533
2023-09-02,담하,2163.0,2706.5130867548824,-543.5130867548824,0.7991832777699382
2023-09-02,라그로타,224.0,526.7118481147265,-302.71184811472654,0.42527997196525774
2023-09-02,미라시아,1988.0,1785.9756959228184,202.02430407718157,1.113117051110147
2023-09-02,연회장,322.0,1106.5703461903697,-784.5703461903697,0.29098918212345126
2023-09-02,카페테리아,959.0,2125.6821012339215,-1166.6821012339215,0.45114930376622037
2023-09-02,포레스트릿,966.0,475.9565706352892,490.0434293647108,2.029596941398706
2023-09-02,화담숲주막,3395.0,1248.248408174659,2146.751591825341,2.7198111992504623
2023-09-02,화담숲카페,1477.0,611.8018448347619,865.1981551652381,2.4141803632496637
2023-09-03,느티나무 셀프BBQ,378.0,1480.2521485272673,-1102.2521485272673,0.2553618992386397
2023-09-03,담하,1995.0,2419.2358619135475,-424.2358619135475,0.8246405534109481
2023-09-03,라그로타,231.0,482.61744597351577,-251.61744597351577,0.47863997028544303
2023-09-03,미라시아,2107.0,1836.8057520431419,270.19424795685813,1.147100066327815
2023-09-03,연회장,0.0,1145.4357030003216,-1145.4357030003216,0.0
2023-09-03,카페테리아,1225.0,2098.130715989718,-873.1307159897178,0.5838530415023023
2023-09-03,포레스트릿,441.0,420.5303705527597,20.469629447240322,1.0486757458690423
2023-09-03,화담숲주막,2044.0,1197.4091963115452,846.5908036884548,1.7070187921524753
2023-09-03,화담숲카페,770.0,636.5502479249473,133.44975207505274,1.209645275467377
2023-09-04,느티나무 셀프BBQ,0.0,1231.7498210783413,-1231.7498210783413,0.0
2023-09-04,담하,532.0,1846.4277090574308,-1314.4277090574308,0.28812392567027534
2023-09-04,라그로타,0.0,395.6460858168181,-395.6460858168181,0.0
2023-09-04,미라시아,1477.0,1400.2630025252533,76.73699747474666,1.0548018460363218
2023-09-04,연회장,28.0,1105.7448622757372,-1077.7448622757372,0.025322297172941963
2023-09-04,카페테리아,203.0,1711.9624637438353,-1508.9624637438353,0.11857736620934192
2023-09-04,포레스트릿,0.0,243.0861860217421,-243.0861860217421,0.0
2023-09-04,화담숲주막,0.0,778.8057140056709,-778.8057140056709,0.0
2023-09-04,화담숲카페,0.0,326.84418258540717,-326.84418258540717,0.0
2023-09-05,느티나무 셀프BBQ,182.0,1273.2182382641522,-1091.2182382641522,0.14294485778661992
2023-09-05,담하,1113.0,1524.1653887063146,-411.1653887063146,0.7302357134252309
2023-09-05,라그로타,70.0,378.7946527972228,-308.7946527972228,0.18479669520961417
2023-09-05,미라시아,721.0,1282.4352876978653,-561.4352876978653,0.5622116039042304
2023-09-05,연회장,504.0,1050.994602570268,-546.994602570268,0.4795457548187583
2023-09-05,카페테리아,6314.0,1635.18156762627,4678.81843237373,3.861344895885654
2023-09-05,포레스트릿,0.0,206.81391114052659,-206.81391114052659,0.0
2023-09-05,화담숲주막,735.0,449.4249834786904,285.5750165213096,1.6354231006715945
2023-09-05,화담숲카페,553.0,223.98699018686517,329.01300981313483,2.4688933921503646
2023-09-06,느티나무 셀프BBQ,945.0,1296.9655770563934,-351.9655770563934,0.7286238098506684
2023-09-06,담하,791.0,1606.4172528632278,-815.4172528632278,0.49240009007009006
2023-09-06,라그로타,35.0,358.21640113193024,-323.21640113193024,0.09770630236193341
2023-09-06,미라시아,651.0,984.5589328109401,-333.55893281094006,0.6612097847117987
2023-09-06,연회장,196.0,1065.230006343178,-869.230006343178,0.18399782097093498
2023-09-06,카페테리아,2898.0,1658.3589622468244,1239.6410377531756,1.747510681326587
2023-09-06,포레스트릿,0.0,182.52146771176558,-182.52146771176558,0.0
2023-09-06,화담숲주막,581.0,392.8312351286659,188.16876487133408,1.4790066268780848
2023-09-06,화담숲카페,259.0,219.411495122435,39.588504877564986,1.1804304047765317
2023-09-07,느티나무 셀프BBQ,1323.0,2214.6627515967484,-891.6627515967484,0.597382151772829
2023-09-07,담하,1554.0,1735.4598022056596,-181.45980220565957,0.8954399278075841
2023-09-07,라그로타,77.0,370.26650583246897,-293.26650583246897,0.20795831863560316
2023-09-07,미라시아,1253.0,1007.2503934765955,245.7496065234045,1.2439806508043967
2023-09-07,연회장,378.0,926.3033661171766,-548.3033661171766,0.4080736547298516
2023-09-07,카페테리아,203.0,1952.4952497964043,-1749.4952497964043,0.10396952311211397
2023-09-07,포레스트릿,0.0,194.30621778791374,-194.30621778791374,0.0
2023-09-07,화담숲주막,532.0,489.7975440593547,42.20245594064528,1.0861630615598414
2023-09-07,화담숲카페,343.0,256.9293702809335,86.07062971906652,1.3349972392216374
2023-09-08,느티나무 셀프BBQ,1113.0,1532.4298162026987,-419.4298162026987,0.7262975362604015
2023-09-08,담하,1827.0,1939.7916200969685,-112.79162009696847,0.9418537440164165
2023-09-08,라그로타,133.0,432.5515489932715,-299.5515489932715,0.30747780307236594
2023-09-08,미라시아,1470.0,1534.7736166756981,-64.77361667569812,0.9577959798292617
2023-09-08,연회장,259.0,1096.5434390819348,-837.5434390819348,0.23619675315083186
2023-09-08,카페테리아,1778.0,2791.6023351420913,-1013.6023351420913,0.6369101994283511
2023-09-08,포레스트릿,42.0,199.5545680809684,-157.5545680809684,0.21046874749045424
2023-09-08,화담숲주막,1463.0,555.7956252725287,907.2043747274713,2.6322625322619855
2023-09-08,화담숲카페,539.0,317.8385069106755,221.1614930893245,1.6958297634826203
2023-09-09,느티나무 셀프BBQ,1813.0,1498.1448155643056,314.85518443569435,1.2101633841833228
2023-09-09,담하,2002.0,2680.7374690407187,-678.7374690407187,0.7468094220790671
2023-09-09,라그로타,357.0,561.9034876853465,-204.90348768534648,0.6353404237987433
2023-09-09,미라시아,1799.0,1866.8642353977505,-67.86423539775046,0.963648007117512
2023-09-09,연회장,280.0,1139.7972896766391,-859.7972896766391,0.24565771697828487
2023-09-09,카페테리아,1239.0,1897.1538403472694,-658.1538403472694,0.6530835684749762
2023-09-09,포레스트릿,847.0,498.7183607364938,348.2816392635062,1.6983533526802046
2023-09-09,화담숲주막,2933.0,1683.1650438590723,1249.8349561409277,1.7425504472665212
2023-09-09,화담숲카페,1498.0,736.9632434340156,761.0367565659844,2.0326658260726735
2023-09-10,느티나무 셀프BBQ,483.0,1223.0909941228188,-740.0909941228188,0.39490111718662424
2023-09-10,담하,1771.0,2121.3725120128574,-350.37251201285744,0.8348368756412292
2023-09-10,라그로타,217.0,441.3872359974386,-224.3872359974386,0.4916317969857634
2023-09-10,미라시아,2842.0,1701.7518157205802,1140.2481842794198,1.6700437594635968
2023-09-10,연회장,7.0,915.9560641218937,-908.9560641218937,0.0076422879592054896
2023-09-10,카페테리아,574.0,1913.3237759635472,-1339.3237759635472,0.3000014985497864
2023-09-10,포레스트릿,679.0,368.46370263516854,310.53629736483146,1.8427866710993417
2023-09-10,화담숲주막,3094.0,1299.6555630555674,1794.3444369444326,2.380630751678408
2023-09-10,화담숲카페,1113.0,618.2977894401248,494.7022105598752,1.8001034760415904
2023-09-11,느티나무 셀프BBQ,0.0,1156.5354739977317,-1156.5354739977317,0.0
2023-09-11,담하,553.0,1564.7601221248422,-1011.7601221248422,0.35340880188655505
2023-09-11,라그로타,0.0,366.7674747324144,-366.7674747324144,0.0
2023-09-11,미라시아,1113.0,1252.6370212483241,-139.63702124832412,0.8885255513930381
2023-09-11,연회장,308.0,1159.0654572728295,-851.0654572728295,0.2657313252391238
2023-09-11,카페테리아,1470.0,1761.604309002157,-291.6043090021569,0.8344666236838776
2023-09-11,포레스트릿,0.0,198.25422778541247,-198.25422778541247,0.0
2023-09-11,화담숲주막,0.0,797.92992203006,-797.92992203006,0.0
2023-09-11,화담숲카페,0.0,309.3110251433128,-309.3110251433128,0.0
2023-09-12,느티나무 셀프BBQ,1729.0,1228.9235962665512,500.07640373344884,1.4069222897604639
2023-09-12,담하,567.0,1495.1971844027007,-928.1971844027007,0.379214197240817
2023-09-12,라그로타,119.0,384.96473772663376,-265.96473772663376,0.30911922141945053
2023-09-12,미라시아,945.0,1347.652503679353,-402.652503679353,0.7012193406089229
2023-09-12,연회장,637.0,901.0876443034953,-264.08764430349527,0.7069234652444664
2023-09-12,카페테리아,2821.0,3029.908338620759,-208.90833862075897,0.9310512678030861
2023-09-12,포레스트릿,0.0,181.04582597530612,-181.04582597530612,0.0
2023-09-12,화담숲주막,679.0,566.7513545786528,112.24864542134719,1.198056245502576
2023-09-12,화담숲카페,973.0,308.5455726461243,664.4544273538756,3.1535049803354296
2023-09-13,느티나무 셀프BBQ,1932.0,1149.5137453342993,782.4862546657007,1.6807106551284774
2023-09-13,담하,1267.0,1502.812215452233,-235.81221545223298,0.843086040273321
2023-09-13,라그로타,35.0,369.8080783778146,-334.8080783778146,0.094643686945752
2023-09-13,미라시아,616.0,945.1500582420076,-329.1500582420076,0.6517483595628917
2023-09-13,연회장,497.0,961.6992701260698,-464.6992701260698,0.5167935709619993
2023-09-13,카페테리아,2933.0,2029.6015780012574,903.3984219987426,1.4451112138414897
2023-09-13,포레스트릿,0.0,191.30394182118374,-191.30394182118374,0.0
2023-09-13,화담숲주막,553.0,474.01046394490425,78.98953605509575,1.166640912096567
2023-09-13,화담숲카페,189.0,246.91491709340778,-57.91491709340778,0.7654458557013848
2023-09-14,느티나무 셀프BBQ,3976.0,1438.7419677799812,2537.258032220019,2.7635254194573045
2023-09-14,담하,1379.0,1554.1351150537755,-175.1351150537755,0.8873102387576414
2023-09-14,라그로타,231.0,391.75440015033286,-160.75440015033286,0.5896551510623887
2023-09-14,미라시아,1288.0,1190.948741986923,97.0512580130769,1.0814907095423445
2023-09-14,연회장,1680.0,1028.6264135609492,651.3735864390508,1.6332460238738122
2023-09-14,카페테리아,2429.0,2054.760855494193,374.23914450580696,1.1821327009929816
2023-09-14,포레스트릿,0.0,197.78906773891137,-197.78906773891137,0.0
2023-09-14,화담숲주막,1064.0,543.8679608768746,520.1320391231254,1.9563571979576073
2023-09-14,화담숲카페,693.0,278.52934053047375,414.47065946952625,2.4880682181638214
2023-09-15,느티나무 셀프BBQ,2177.0,1563.2828606423582,613.7171393576418,1.3925822733740352
2023-09-15,담하,2170.0,1908.3084520684101,261.69154793158987,1.1371327301139096
2023-09-15,라그로타,238.0,430.0375910354017,-192.0375910354017,0.5534399898087218
2023-09-15,미라시아,2786.0,1542.0374737067114,1243.9625262932886,1.8067005812142052
2023-09-15,연회장,1225.0,1036.8780725899758,188.12192741002423,1.181431098200507
2023-09-15,카페테리아,3934.0,2920.443936842045,1013.5560631579551,1.3470554768649114
2023-09-15,포레스트릿,0.0,204.66295398908576,-204.66295398908576,0.0
2023-09-15,화담숲주막,770.0,730.6739614652898,39.326038534710165,1.0538215956893358
2023-09-15,화담숲카페,441.0,376.79414098512945,64.20585901487055,1.170400364631478
2023-09-16,느티나무 셀프BBQ,826.0,1809.1685169814702,-983.1685169814702,0.4565633285384327
2023-09-16,담하,3003.0,2590.6003638309235,412.39963616907653,1.159190758222248
2023-09-16,라그로타,497.0,594.9566125098421,-97.9566125098421,0.8353550318625601
2023-09-16,미라시아,1687.0,1925.9712058449659,-238.97120584496588,0.8759217141358435
2023-09-16,연회장,224.0,1054.9972811026078,-830.9972811026078,0.21232282207011113
2023-09-16,카페테리아,2975.0,2049.6707777330953,925.3292222669047,1.4514526100090595
2023-09-16,포레스트릿,469.0,504.36007803885894,-35.360078038858944,0.9298912035695763
2023-09-16,화담숲주막,2296.0,1850.3163890621395,445.6836109378605,1.2408688663044065
2023-09-16,화담숲카페,1183.0,812.1373952595117,370.86260474048834,1.4566500778134743
2023-09-17,느티나무 셀프BBQ,322.0,1217.3087489333027,-895.3087489333027,0.2645179378544355
2023-09-17,담하,1687.0,2163.1461251050314,-476.1461251050314,0.7798825888001847
2023-09-17,라그로타,231.0,462.72645603634487,-231.72645603634487,0.4992150264731267
2023-09-17,미라시아,2289.0,1873.5577333051947,415.4422666948053,1.2217397731117217
2023-09-17,연회장,0.0,905.17335803774,-905.17335803774,0.0
2023-09-17,카페테리아,875.0,1917.749703524315,-1042.749703524315,0.4562639214032896
2023-09-17,포레스트릿,574.0,423.8079452173094,150.1920547826906,1.354387067249716
2023-09-17,화담숲주막,2016.0,1512.9597638065086,503.0402361934914,1.3324875176639694
2023-09-17,화담숲카페,994.0,730.0797440323223,263.9202559676777,1.361495108068624
2023-09-18,느티나무 셀프BBQ,0.0,1342.247399819223,-1342.247399819223,0.0
2023-09-18,담하,1078.0,1534.6407200962228,-456.6407200962228,0.702444543457969
2023-09-18,라그로타,0.0,389.93826128343227,-389.93826128343227,0.0
2023-09-18,미라시아,1029.0,1229.5304775228149,-200.53047752281486,0.8369048338461428
2023-09-18,연회장,56.0,1135.1368400029442,-1079.1368400029442,0.049333259239348407
2023-09-18,카페테리아,8337.0,2015.6871865153491,6321.312813484651,4.136058439907394
2023-09-18,포레스트릿,0.0,250.45187466092653,-250.45187466092653,0.0
2023-09-18,화담숲주막,0.0,911.7697523653569,-911.7697523653569,0.0
2023-09-18,화담숲카페,0.0,502.77048793479577,-502.77048793479577,0.0
2023-09-19,느티나무 셀프BBQ,1750.0,1168.042805350673,581.957194649327,1.498232763374293
2023-09-19,담하,903.0,1416.9342065316637,-513.9342065316637,0.6372914111589846
2023-09-19,라그로타,70.0,403.8529132546425,-333.8529132546425,0.17333043220085106
2023-09-19,미라시아,812.0,1024.2582673864736,-212.25826738647356,0.792768802415354
2023-09-19,연회장,4697.0,915.1078907973272,3781.892109202673,5.132728115706156
2023-09-19,카페테리아,7371.0,2747.4792541793186,4623.520745820681,2.6828228052268743
2023-09-19,포레스트릿,0.0,211.1070635844797,-211.1070635844797,0.0
2023-09-19,화담숲주막,966.0,540.6338070598692,425.36619294013076,1.7867917014908876
2023-09-19,화담숲카페,686.0,348.4895086566901,337.5104913433099,1.968495415096711
2023-09-20,느티나무 셀프BBQ,2037.0,1450.9368820004192,586.0631179995808,1.4039204773618894
2023-09-20,담하,819.0,1559.5782969781465,-740.5782969781465,0.5251419576605433
2023-09-20,라그로타,133.0,366.58588708188626,-233.58588708188626,0.36280720204128064
2023-09-20,미라시아,1393.0,890.673094747039,502.32690525296096,1.5639857184589452
2023-09-20,연회장,154.0,932.8160182102984,-778.8160182102984,0.16509150464146674
2023-09-20,카페테리아,7721.0,2303.91207278179,5417.08792721821,3.3512563657333976
2023-09-20,포레스트릿,0.0,178.40087650909683,-178.40087650909683,0.0
2023-09-20,화담숲주막,651.0,439.44681811247193,211.55318188752807,1.4814079273487497
2023-09-20,화담숲카페,154.0,275.05010506827784,-121.05010506827784,0.559897986447856
2023-09-21,느티나무 셀프BBQ,1890.0,2630.331615026301,-740.3316150263008,0.7185405783829663
2023-09-21,담하,2037.0,1678.531774381475,358.4682256185249,1.213560583773052
2023-09-21,라그로타,133.0,385.4498423132524,-252.44984231325242,0.3450513799715394
2023-09-21,미라시아,1764.0,1006.61405786496,757.38594213504,1.7524094624125002
2023-09-21,연회장,840.0,1132.9980273743447,-292.9980273743447,0.7413958186199581
2023-09-21,카페테리아,1330.0,2326.8551806169653,-996.8551806169653,0.5715869260274937
2023-09-21,포레스트릿,0.0,209.38056739013513,-209.38056739013513,0.0
2023-09-21,화담숲주막,1281.0,568.8138261688655,712.1861738311345,2.2520549625664437
2023-09-21,화담숲카페,644.0,266.5761047346669,377.4238952653331,2.415820430120686
2023-09-22,느티나무 셀프BBQ,3269.0,1606.1153352530432,1662.8846647469568,2.0353457365407506
2023-09-22,담하,1820.0,2316.450580595528,-496.4505805955282,0.7856847951973586
2023-09-22,라그로타,252.0,448.9255201827512,-196.9255201827512,0.5613403307912065
2023-09-22,미라시아,1610.0,1708.0724328810127,-98.07243288101267,0.942582977751363
2023-09-22,연회장,420.0,1244.75356381405,-824.75356381405,0.3374161859903239
2023-09-22,카페테리아,2982.0,3922.9028774742733,-940.9028774742733,0.7601513708440151
2023-09-22,포레스트릿,0.0,209.93345821105308,-209.93345821105308,0.0
2023-09-22,화담숲주막,1729.0,691.6838031571763,1037.3161968428237,2.4996971045266863
2023-09-22,화담숲카페,1225.0,405.92799462833904,819.0720053716609,3.017776591441026
2023-09-23,느티나무 셀프BBQ,5516.0,1788.668989624423,3727.331010375577,3.083857344202197
2023-09-23,담하,2261.0,3201.938193458738,-940.9381934587382,0.7061348044190898
2023-09-23,라그로타,266.0,614.3926221375017,-348.3926221375017,0.4329479072756003
2023-09-23,미라시아,1778.0,1938.1227694133613,-160.1227694133613,0.9173825456568843
2023-09-23,연회장,308.0,972.0208413296201,-664.0208413296201,0.31686563384658406
2023-09-23,카페테리아,1953.0,2593.4027297923467,-640.4027297923467,0.75306468122534
2023-09-23,포레스트릿,1463.0,581.3665404817119,881.6334595182881,2.516484692751288
2023-09-23,화담숲주막,5159.0,1967.905019043571,3191.094980956429,2.62156961340916
2023-09-23,화담숲카페,2051.0,923.6228028977764,1127.3771971022236,2.220603468824273
2023-09-24,느티나무 셀프BBQ,651.0,1194.5157787904013,-543.5157787904013,0.5449907079998726
2023-09-24,담하,1022.0,2475.9383749166263,-1453.9383749166263,0.4127727936824819
2023-09-24,라그로타,273.0,474.1582875089325,-201.15828750893252,0.5757570988250564
2023-09-24,미라시아,2254.0,1988.5806574773899,265.4193425226101,1.1334717510826577
2023-09-24,연회장,14.0,838.0038899534751,-824.0038899534751,0.01670636636397626
2023-09-24,카페테리아,679.0,1971.1290428278417,-1292.1290428278417,0.34447262723392574
2023-09-24,포레스트릿,1218.0,466.9902439564324,751.0097560435677,2.608191532398764
2023-09-24,화담숲주막,4956.0,1509.2104139814053,3446.7895860185945,3.283836338582979
2023-09-24,화담숲카페,1771.0,766.9477607149398,1004.0522392850602,2.309153361826227
2023-09-25,느티나무 셀프BBQ,0.0,1377.5913891497776,-1377.5913891497776,0.0
2023-09-25,담하,672.0,1900.930855520338,-1228.930855520338,0.35351101700964016
2023-09-25,라그로타,0.0,400.3982927998925,-400.3982927998925,0.0
2023-09-25,미라시아,1204.0,1219.1565639419634,-15.15656394196344,0.987567992175708
2023-09-25,연회장,532.0,1160.9046157758855,-628.9046157758855,0.458263317046457
2023-09-25,카페테리아,973.0,3537.1328320905473,-2564.1328320905473,0.27508155508678733
2023-09-25,포레스트릿,0.0,303.99051087804366,-303.99051087804366,0.0
2023-09-25,화담숲주막,0.0,1043.6585286454972,-1043.6585286454972,0.0
2023-09-25,화담숲카페,0.0,498.64880976969863,-498.64880976969863,0.0
2023-09-26,느티나무 셀프BBQ,42.0,1323.9912381924107,-1281.9912381924107,0.03172226430844122
2023-09-26,담하,287.0,1652.5888976200297,-1365.5888976200297,0.17366690555244688
2023-09-26,라그로타,112.0,412.80536098005183,-300.80536098005183,0.2713143059336679
2023-09-26,미라시아,777.0,1033.6698550159015,-256.6698550159015,0.7516906836642218
2023-09-26,연회장,2723.0,1109.6591221749986,1613.3408778250014,2.4539067408942272
2023-09-26,카페테리아,1449.0,3419.934707550782,-1970.9347075507822,0.42369229938828706
2023-09-26,포레스트릿,0.0,248.53679807359993,-248.53679807359993,0.0
2023-09-26,화담숲주막,623.0,722.7642549698459,-99.76425496984587,0.8619684713461541
2023-09-26,화담숲카페,364.0,368.3824318448058,-4.382431844805808,0.9881035807737648
2023-09-27,느티나무 셀프BBQ,658.0,1517.1529240809334,-859.1529240809334,0.4337071033222348
2023-09-27,담하,1029.0,1670.9765998911846,-641.9765998911846,0.6158075463576267
2023-09-27,라그로타,294.0,403.4744996743169,-109.47449967431692,0.7286705857180954
2023-09-27,미라시아,1211.0,1115.8889747435994,95.11102525640058,1.0852334124712133
2023-09-27,연회장,175.0,816.0758104800439,-641.0758104800439,0.2144408616854591
2023-09-27,카페테리아,315.0,3123.8268257597597,-2808.8268257597597,0.10083785612007716
2023-09-27,포레스트릿,42.0,284.7481692864683,-242.74816928646828,0.14749875339056626
2023-09-27,화담숲주막,616.0,662.630618818629,-46.630618818629046,0.9296280348442629
2023-09-27,화담숲카페,273.0,322.3907106591377,-49.39071065913771,0.8467985924341402
2023-09-28,느티나무 셀프BBQ,952.0,2061.8871306264145,-1109.8871306264145,0.46171295502037313
2023-09-28,담하,4018.0,2154.7743957019516,1863.2256042980484,1.8646963728613795
2023-09-28,라그로타,329.0,467.9618006907917,-138.96180069079168,0.703048837563963
2023-09-28,미라시아,3171.0,1400.0136976059398,1770.9863023940602,2.264977839447209
2023-09-28,연회장,301.0,997.5833794489749,-696.5833794489749,0.30172916490074275
2023-09-28,카페테리아,1414.0,2079.2503687302924,-665.2503687302924,0.6800527830919507
2023-09-28,포레스트릿,1218.0,489.65570514472194,728.3442948552781,2.487462082444255
2023-09-28,화담숲주막,6370.0,1065.443761097276,5304.556238902724,5.978729457704726
2023-09-28,화담숲카페,2219.0,530.4057814860419,1688.5942185139581,4.183589390339998
2023-09-29,느티나무 셀프BBQ,1092.0,1700.6822183556933,-608.6822183556933,0.6420952651905784
2023-09-29,담하,4963.0,2629.3822431286862,2333.6177568713138,1.8875155991372923
2023-09-29,라그로타,371.0,534.6318604920644,-163.63186049206445,0.6939354487002309
2023-09-29,미라시아,3612.0,1842.6789849989166,1769.3210150010834,1.9601895009412742
2023-09-29,연회장,301.0,1077.4872440506297,-776.4872440506297,0.27935365514717536
2023-09-29,카페테리아,2065.0,2667.479935984372,-602.4799359843719,0.7741389062174743
2023-09-29,포레스트릿,1876.0,483.59660976548537,1392.4033902345145,3.8792662357780894
2023-09-29,화담숲주막,8806.0,1177.3917572507482,7628.608242749252,7.479243799499942
2023-09-29,화담숲카페,3367.0,566.2421582465033,2800.757841753497,5.946219211982865
2023-09-30,느티나무 셀프BBQ,882.0,2397.387467915581,-1515.387467915581,0.3679004799198599
2023-09-30,담하,3423.0,3315.5116900802423,107.48830991975774,1.032419825344412
2023-09-30,라그로타,441.0,643.299119581766,-202.29911958176604,0.6855286857639591
2023-09-30,미라시아,3192.0,2124.9627483081326,1067.0372516918674,1.5021439799551444
2023-09-30,연회장,427.0,874.3604400380628,-447.36044003806285,0.48835695263318607
2023-09-30,카페테리아,1673.0,2267.220349590751,-594.2203495907511,0.737907985124599
2023-09-30,포레스트릿,1806.0,809.7439301388761,996.2560698611239,2.2303347179030535
2023-09-30,화담숲주막,7784.0,3353.494987478273,4430.505012521728,2.321160469618991
2023-09-30,화담숲카페,2681.0,1010.7235739285569,1670.276426071443,2.6525551289748655
2023-10-01,느티나무 셀프BBQ,917.0,1563.59197693178,-646.59197693178,0.5864701364095123
2023-10-01,담하,2576.0,2441.73703786543,134.26296213457,1.0549866591088544
2023-10-01,라그로타,392.0,496.68038681588723,-104.68038681588723,0.7892399426380191
2023-10-01,미라시아,3423.0,2233.306220310389,1189.693779689611,1.5327051744495053
2023-10-01,연회장,357.0,956.8120452923725,-599.8120452923725,0.3731140319109504
2023-10-01,카페테리아,2030.0,1916.814436105291,113.18556389470905,1.0590487851941928
2023-10-01,포레스트릿,2401.0,679.904612010123,1721.095387989877,3.531377722091775
2023-10-01,화담숲주막,8351.0,2673.3986811880413,5677.601318811959,3.123739103622535
2023-10-01,화담숲카페,2877.0,903.4415877611086,1973.5584122388914,3.1844892231823483
2023-10-02,느티나무 셀프BBQ,1015.0,1658.673711600701,-643.6737116007009,0.6119346999359359
2023-10-02,담하,3290.0,2395.363078116211,894.636921883789,1.3734869799309755
2023-10-02,라그로타,287.0,463.5812076987905,-176.58120769879048,0.6190932575215102
2023-10-02,미라시아,3087.0,1559.7089363496684,1527.2910636503316,1.9792154344032884
2023-10-02,연회장,224.0,998.5976851996854,-774.5976851996854,0.22431455962689084
2023-10-02,카페테리아,2534.0,2465.871573607345,68.128426392655,1.0276285379667967
2023-10-02,포레스트릿,2401.0,773.8603901174743,1627.1396098825257,3.1026268183018404
2023-10-02,화담숲주막,8190.0,2507.2689346975503,5682.73106530245,3.2665024029374625
2023-10-02,화담숲카페,3010.0,1132.60476117392,1877.39523882608,2.657590805887308
2023-10-03,느티나무 셀프BBQ,280.0,1428.5085424783551,-1148.5085424783551,0.196008628351792
2023-10-03,담하,2373.0,2127.8293349229402,245.17066507705977,1.1152210193990668
2023-10-03,라그로타,231.0,475.66534015364084,-244.66534015364084,0.4856355519310836
2023-10-03,미라시아,2520.0,1430.3087400470731,1089.6912599529269,1.761857373476627
2023-10-03,연회장,14.0,1065.8944845450383,-1051.8944845450383,0.013134508342986406
2023-10-03,카페테리아,1414.0,2486.794967691433,-1072.7949676914332,0.5686033703504954
2023-10-03,포레스트릿,2184.0,613.6727161470807,1570.3272838529192,3.5589002778421626
2023-10-03,화담숲주막,6979.0,1579.6066711847998,5399.3933288152,4.418188481544796
2023-10-03,화담숲카페,1897.0,839.2047184003391,1057.795281599661,2.2604734678041267
2023-10-04,느티나무 셀프BBQ,1330.0,1321.3759329545164,8.62406704548357,1.0065265809906199
2023-10-04,담하,637.0,1827.772769357766,-1190.772769357766,0.34851159327853753
2023-10-04,라그로타,147.0,397.0754990683044,-250.0754990683044,0.3702066744105842
2023-10-04,미라시아,1204.0,1227.6688098704137,-23.668809870413725,0.9807205252099611
2023-10-04,연회장,35.0,713.4785380937094,-678.4785380937094,0.049055434930830456
2023-10-04,카페테리아,1141.0,2101.2667855429463,-960.2667855429463,0.5430057753019577
2023-10-04,포레스트릿,168.0,366.64164738367384,-198.64164738367384,0.4582130840804226
2023-10-04,화담숲주막,1813.0,1103.2514459063927,709.7485540936073,1.6433243815153151
2023-10-04,화담숲카페,616.0,471.71292994656034,144.28707005343966,1.305878980399765
2023-10-05,느티나무 셀프BBQ,2100.0,1630.182324653436,469.8176753465641,1.2881994659379243
2023-10-05,담하,1008.0,2254.149083045132,-1246.149083045132,0.44717539207224566
2023-10-05,라그로타,98.0,391.0140045422466,-293.0140045422466,0.2506304092988355
2023-10-05,미라시아,1225.0,1799.6497818577789,-574.6497818577789,0.6806879940470597
2023-10-05,연회장,987.0,995.547580969572,-8.547580969571982,0.9914141914128831
2023-10-05,카페테리아,1659.0,2021.150401536149,-362.15040153614905,0.8208196672247146
2023-10-05,포레스트릿,294.0,593.687007418429,-299.68700741842895,0.495210432982896
2023-10-05,화담숲주막,1624.0,2032.9477463048245,-408.9477463048245,0.7988400109898811
2023-10-05,화담숲카페,567.0,854.7513736959235,-287.75137369592346,0.6633507911760426
2023-10-06,느티나무 셀프BBQ,1302.0,1588.7531922022595,-286.75319220225947,0.8195105485171206
2023-10-06,담하,3696.0,2609.39266021365,1086.6073397863502,1.4164215514032226
2023-10-06,라그로타,112.0,444.10826274812035,-332.10826274812035,0.2521907593138426
2023-10-06,미라시아,1526.0,2194.6555270563363,-668.6555270563363,0.6953255220179381
2023-10-06,연회장,462.0,1033.7701952747402,-571.7701952747402,0.4469078351375921
2023-10-06,카페테리아,2198.0,2451.6862739902376,-253.68627399023762,0.8965258007594296
2023-10-06,포레스트릿,336.0,653.7518584478026,-317.75185844780265,0.5139564739406812
2023-10-06,화담숲주막,2527.0,3066.9569716443716,-539.9569716443716,0.8239437407708822
2023-10-06,화담숲카페,1106.0,1023.1184749902969,82.88152500970307,1.0810087267855164
2023-10-07,느티나무 셀프BBQ,1001.0,1714.148740727398,-713.148740727398,0.5839633260619065
2023-10-07,담하,3157.0,3247.1783256834033,-90.17832568340327,0.9722287116262935
2023-10-07,라그로타,329.0,591.8367084728932,-262.8367084728932,0.5558965763528144
2023-10-07,미라시아,1925.0,2320.060268038432,-395.0602680384318,0.829719825178314
2023-10-07,연회장,252.0,908.2842914961965,-656.2842914961965,0.27744617226054413
2023-10-07,카페테리아,1764.0,2370.7105333929894,-606.7105333929894,0.7440807197474851
2023-10-07,포레스트릿,2170.0,973.5942087132961,1196.4057912867038,2.228854671257624
2023-10-07,화담숲주막,9016.0,4679.537311166382,4336.462688833618,1.9266862085885896
2023-10-07,화담숲카페,2772.0,1341.7865872018585,1430.2134127981415,2.0659023025268772
2023-10-08,느티나무 셀프BBQ,1085.0,1467.1234259679738,-382.12342596797384,0.7395424139479896
2023-10-08,담하,4060.0,2758.1779582770996,1301.8220417229004,1.471986239254876
2023-10-08,라그로타,308.0,503.24079603398343,-195.24079603398343,0.6120330514285273
2023-10-08,미라시아,3178.0,2554.9090606196287,623.0909393803713,1.2438798894976153
2023-10-08,연회장,280.0,835.5969069334492,-555.5969069334492,0.3350897994914437
2023-10-08,카페테리아,2555.0,2126.255943584413,428.7440564155868,1.2016427315390903
2023-10-08,포레스트릿,3122.0,1043.9991393897658,2078.000860610234,2.9904239210626735
2023-10-08,화담숲주막,9394.0,4608.917414550758,4785.082585449242,2.0382226790053375
2023-10-08,화담숲카페,2583.0,1269.9496826472862,1313.0503173527138,2.0339388522981334
2023-10-09,느티나무 셀프BBQ,210.0,1691.971226852441,-1481.971226852441,0.12411558581327717
2023-10-09,담하,2849.0,2716.100267892586,132.8997321074139,1.0489303482932648
2023-10-09,라그로타,182.0,444.6853476097876,-262.6853476097876,0.4092781580914724
2023-10-09,미라시아,2835.0,1908.702649373426,926.2973506265739,1.4853020720281662
2023-10-09,연회장,0.0,969.2712927662787,-969.2712927662787,0.0
2023-10-09,카페테리아,1890.0,2462.2192606883386,-572.2192606883386,0.7676002012394425
2023-10-09,포레스트릿,2667.0,1013.6036418171165,1653.3963581828834,2.631206015813827
2023-10-09,화담숲주막,9296.0,4037.274198123662,5258.725801876339,2.302543633107791
2023-10-09,화담숲카페,2765.0,1450.5122271990545,1314.4877728009455,1.9062231590692809
2023-10-10,느티나무 셀프BBQ,1036.0,1468.3738571087918,-432.37385710879175,0.7055423896199501
2023-10-10,담하,1169.0,1968.069821183678,-799.069821183678,0.5939829915672988
2023-10-10,라그로타,105.0,398.3612879035089,-293.3612879035089,0.2635798286339337
2023-10-10,미라시아,1841.0,1363.625012195244,477.3749878047561,1.3500779052418888
2023-10-10,연회장,763.0,973.4233767794789,-210.42337677947887,0.7838315970224038
2023-10-10,카페테리아,1673.0,2450.894018667148,-777.894018667148,0.6826080553698587
2023-10-10,포레스트릿,413.0,684.3915857909622,-271.39158579096215,0.6034556949187057
2023-10-10,화담숲주막,4732.0,1927.83812277793,2804.16187722207,2.4545629345587354
2023-10-10,화담숲카페,1176.0,707.6172303763187,468.38276962368127,1.6619154389083912
2023-10-11,느티나무 셀프BBQ,1715.0,1494.2986334670557,220.70136653294435,1.1476956222738928
2023-10-11,담하,1428.0,1983.4674293190485,-555.4674293190485,0.7199513230677309
2023-10-11,라그로타,119.0,377.72766388885844,-258.72766388885844,0.3150417916835825
2023-10-11,미라시아,2030.0,1127.4347798401598,902.5652201598402,1.8005476115326156
2023-10-11,연회장,308.0,826.0870471731206,-518.0870471731206,0.3728420643490048
2023-10-11,카페테리아,2779.0,2428.4352584129383,350.5647415870617,1.144358281890606
2023-10-11,포레스트릿,378.0,334.5488159038772,43.4511840961228,1.129879951835212
2023-10-11,화담숲주막,4585.0,1358.898347165939,3226.101652834061,3.3740566463726167
2023-10-11,화담숲카페,1841.0,461.97727296413507,1379.022727035865,3.9850445200210602
2023-10-12,느티나무 셀프BBQ,2268.0,2328.429438082262,-60.429438082262095,0.9740471250303239
2023-10-12,담하,1708.0,2190.9378876274304,-482.9378876274304,0.7795748157194887
2023-10-12,라그로타,273.0,390.3345812382848,-117.33458123828478,0.6993999843261226
2023-10-12,미라시아,1708.0,1582.959296822799,125.04070317720107,1.0789917361919372
2023-10-12,연회장,1708.0,1154.9623033849305,553.0376966150695,1.4788361446899543
2023-10-12,카페테리아,3703.0,2302.5889198439895,1400.4110801560105,1.608189793708768
2023-10-12,포레스트릿,259.0,450.9341947090669,-191.9341947090669,0.5743631843380191
2023-10-12,화담숲주막,4998.0,1879.141900500734,3118.8580994992662,2.6597246321143633
2023-10-12,화담숲카페,2100.0,658.0424023760629,1441.957597623937,3.191283711227892
2023-10-13,느티나무 셀프BBQ,3717.0,2393.9395564633737,1323.0604435366263,1.552670780665497
2023-10-13,담하,3150.0,3335.8918213100183,-185.89182131001826,0.9442752249570797
2023-10-13,라그로타,350.0,486.18813928638696,-136.18813928638696,0.7198859283439534
2023-10-13,미라시아,2723.0,2348.158744189032,374.84125581096805,1.1596319911243584
2023-10-13,연회장,1155.0,1050.5073709623118,104.49262903768818,1.0994687252331874
2023-10-13,카페테리아,6377.0,3010.234714161605,3366.765285838395,2.1184394592220657
2023-10-13,포레스트릿,749.0,611.7177272815213,137.28227271847868,1.2244209487414437
2023-10-13,화담숲주막,6748.0,2694.393468799112,4053.606531200888,2.504459752497684
2023-10-13,화담숲카페,2898.0,931.5253142373148,1966.474685762685,3.1110265665434267
2023-10-14,느티나무 셀프BBQ,1134.0,2215.134736134137,-1081.1347361341368,0.5119327422850413
2023-10-14,담하,4151.0,3872.316651607753,278.6833483922469,1.071968119724026
2023-10-14,라그로타,266.0,632.1896706999233,-366.18967069992334,0.4207598009399622
2023-10-14,미라시아,2408.0,2026.0158088163175,381.98419118368247,1.188539590619904
2023-10-14,연회장,441.0,972.2982843001606,-531.2982843001606,0.4535645152530762
2023-10-14,카페테리아,1330.0,2799.3686611756784,-1469.3686611756784,0.47510712627661794
2023-10-14,포레스트릿,798.0,1216.356924599756,-418.356924599756,0.6560574317136255
2023-10-14,화담숲주막,7203.0,5573.287039562455,1629.712960437545,1.2924150414053481
2023-10-14,화담숲카페,2177.0,1467.7296318440883,709.2703681559117,1.4832432028130198
2023-10-15,느티나무 셀프BBQ,553.0,1646.536256228499,-1093.536256228499,0.3358565582191815
2023-10-15,담하,1904.0,2727.176591963056,-823.1765919630561,0.6981579431310229
2023-10-15,라그로타,210.0,513.858913164788,-303.85891316478796,0.40867248698020675
2023-10-15,미라시아,3794.0,2411.954964274521,1382.045035725479,1.57299786115251
2023-10-15,연회장,0.0,879.3543217626199,-879.3543217626199,0.0
2023-10-15,카페테리아,2114.0,2359.4825960852695,-245.4825960852695,0.8959591410029634
2023-10-15,포레스트릿,2527.0,1224.9767369623032,1302.0232630376968,2.0628963177426973
2023-10-15,화담숲주막,9240.0,5309.430211488641,3930.5697885113586,1.7402997368731432
2023-10-15,화담숲카페,2513.0,1298.1676236439346,1214.8323763560654,1.9358054801475109
2023-10-16,느티나무 셀프BBQ,2583.0,1570.474916298011,1012.5250837019889,1.644725409616064
2023-10-16,담하,2128.0,2273.077636501835,-145.07763650183506,0.9361756791003835
2023-10-16,라그로타,28.0,404.5985580802464,-376.5985580802464,0.06920439888084474
2023-10-16,미라시아,1981.0,2081.262150897832,-100.26215089783182,0.9518262748137807
2023-10-16,연회장,637.0,1049.925476743766,-412.925476743766,0.6067097276042761
2023-10-16,카페테리아,525.0,2395.259186363382,-1870.259186363382,0.21918296065365883
2023-10-16,포레스트릿,0.0,771.320669644553,-771.320669644553,0.0
2023-10-16,화담숲주막,0.0,4511.97940477933,-4511.97940477933,0.0
2023-10-16,화담숲카페,0.0,1227.5988285243861,-1227.5988285243861,0.0
2023-10-17,느티나무 셀프BBQ,756.0,1725.9353008823625,-969.9353008823625,0.43802337179933953
2023-10-17,담하,2975.0,1918.6219167764152,1056.3780832235848,1.550592106754657
2023-10-17,라그로타,196.0,400.48784844350513,-204.48784844350513,0.48940311363192024
2023-10-17,미라시아,2086.0,1631.956287511534,454.0437124884661,1.278220511151563
2023-10-17,연회장,553.0,936.398659904217,-383.39865990421697,0.590560435078544
2023-10-17,카페테리아,2359.0,2595.5052948666876,-236.50529486668756,0.9088789010238428
2023-10-17,포레스트릿,721.0,423.30975658901065,297.69024341098935,1.7032444652581333
2023-10-17,화담숲주막,8246.0,2750.3585407434744,5495.641459256525,2.9981545597945747
2023-10-17,화담숲카페,3059.0,715.4373405469881,2343.5626594530117,4.27570637794952
2023-10-18,느티나무 셀프BBQ,1834.0,1588.1226509304272,245.8773490695728,1.1548226447910188
2023-10-18,담하,2366.0,1775.028651403917,590.9713485960831,1.3329362307074133
2023-10-18,라그로타,231.0,372.9174790714004,-141.9174790714004,0.6194399913225085
2023-10-18,미라시아,2079.0,1472.461100737282,606.5388992627179,1.4119218490451226
2023-10-18,연회장,462.0,872.3523569126577,-410.3523569126577,0.5296025124928466
2023-10-18,카페테리아,6167.0,2751.383102184051,3415.616897815949,2.2414181416992163
2023-10-18,포레스트릿,1099.0,336.3077186651745,762.6922813348256,3.267840549012663
2023-10-18,화담숲주막,9002.0,1755.666521940304,7246.333478059696,5.127397422860971
2023-10-18,화담숲카페,3199.0,672.2266928368431,2526.773307163157,4.758811326726701
2023-10-19,느티나무 셀프BBQ,4704.0,2362.2420222361507,2341.7579777638493,1.9913285580903728
2023-10-19,담하,3080.0,2417.5233994039586,662.4766005960414,1.2740311017297186
2023-10-19,라그로타,252.0,401.4563388588782,-149.4563388588782,0.6277145871361722
2023-10-19,미라시아,1694.0,2035.9725697181598,-341.9725697181598,0.8320347853382429
2023-10-19,연회장,245.0,1103.30875933161,-858.30875933161,0.2220593264830257
2023-10-19,카페테리아,1358.0,2849.796361690668,-1491.7963616906682,0.47652527677253187
2023-10-19,포레스트릿,280.0,357.0013253962166,-77.0013253962166,0.7843108136622267
2023-10-19,화담숲주막,6223.0,3132.602415867573,3090.397584132427,1.9865272300368007
2023-10-19,화담숲카페,2268.0,963.1769453347201,1304.8230546652799,2.354707523872295
2023-10-20,느티나무 셀프BBQ,2646.0,2746.8924668591117,-100.89246685911166,0.963270325257954
2023-10-20,담하,2786.0,2912.5103147501636,-126.51031475016362,0.9565631358936438
2023-10-20,라그로타,350.0,457.3355888334413,-107.3355888334413,0.7653023480914094
2023-10-20,미라시아,1974.0,2776.974638777986,-802.974638777986,0.7108455267955429
2023-10-20,연회장,322.0,989.8329016145168,-667.8329016145168,0.32530743267352064
2023-10-20,카페테리아,2373.0,3548.9290988617304,-1175.9290988617304,0.6686524114446543
2023-10-20,포레스트릿,686.0,534.5872352718801,151.4127647281199,1.2832330342701028
2023-10-20,화담숲주막,8169.0,4143.150891428601,4025.8491085713986,1.9716877840245022
2023-10-20,화담숲카페,2534.0,1353.7403813779385,1180.2596186220615,1.8718507882735276
2023-10-21,느티나무 셀프BBQ,931.0,2362.882397676372,-1431.882397676372,0.3940102989956391
2023-10-21,담하,2667.0,3793.8309887333103,-1126.8309887333103,0.7029833453098715
2023-10-21,라그로타,385.0,596.1218322345712,-211.12183223457123,0.6458411337776743
2023-10-21,미라시아,2233.0,2183.221807918848,49.778192081152156,1.0228003365945686
2023-10-21,연회장,266.0,936.237524730821,-670.237524730821,0.28411593529801965
2023-10-21,카페테리아,1624.0,2513.861427212969,-889.8614272129689,0.646018106813657
2023-10-21,포레스트릿,2450.0,1089.9752631616675,1360.0247368383325,2.2477574334057255
2023-10-21,화담숲주막,9436.0,4972.701994928901,4463.298005071099,1.897559920064125
2023-10-21,화담숲카페,2772.0,1517.683869053551,1254.316130946449,1.826467327302265
2023-10-22,느티나무 셀프BBQ,805.0,1563.7786586386148,-758.7786586386148,0.5147787351829012
2023-10-22,담하,3283.0,2796.608443358056,486.39155664194413,1.1739219366933986
2023-10-22,라그로타,315.0,506.9474336573406,-191.94743365734058,0.6213661991095452
2023-10-22,미라시아,3353.0,2587.2172365156853,765.7827634843147,1.2959870368348452
2023-10-22,연회장,7.0,900.9280619572023,-893.9280619572023,0.007769765751100034
2023-10-22,카페테리아,2212.0,2338.3307342547696,-126.3307342547696,0.9459739666403386
2023-10-22,포레스트릿,3444.0,1205.4495727929573,2238.550427207043,2.8570253602732216
2023-10-22,화담숲주막,9856.0,5891.251428758261,3964.7485712417392,1.6729891974882858
2023-10-22,화담숲카페,2702.0,1569.1187680018932,1132.8812319981068,1.7219856489516796
2023-10-23,느티나무 셀프BBQ,1841.0,2062.817982873803,-221.81798287380298,0.8924684656060742
2023-10-23,담하,2618.0,2097.5338748964477,520.4661251035523,1.2481324050746245
2023-10-23,라그로타,0.0,416.4235642286577,-416.4235642286577,0.0
2023-10-23,미라시아,2436.0,2254.5250268852137,181.47497311478628,1.080493660948846
2023-10-23,연회장,392.0,938.3476998257876,-546.3476998257876,0.41775559323348715
2023-10-23,카페테리아,2800.0,1986.2721958844577,813.7278041155423,1.4096758771539877
2023-10-23,포레스트릿,0.0,593.6396996389075,-593.6396996389075,0.0
2023-10-23,화담숲주막,9940.0,2304.432842044963,7635.567157955037,4.313425767348119
2023-10-23,화담숲카페,3262.0,975.2764515402122,2286.7235484597877,3.344692671343047
2023-10-24,느티나무 셀프BBQ,140.0,1435.2873005744982,-1295.2873005744982,0.09754144688938766
2023-10-24,담하,3171.0,2186.6000104712607,984.3999895287393,1.450196645392213
2023-10-24,라그로타,203.0,409.1970078598433,-206.19700785984332,0.4960935590944761
2023-10-24,미라시아,2926.0,1653.4232926649377,1272.5767073350623,1.7696617756509052
2023-10-24,연회장,490.0,1020.2382859775563,-530.2382859775563,0.4802799568833072
2023-10-24,카페테리아,3290.0,2466.973498411481,823.0265015885188,1.3336178933898062
2023-10-24,포레스트릿,728.0,423.24591409215503,304.75408590784497,1.720040231366509
2023-10-24,화담숲주막,8533.0,3984.082732816274,4548.917267183726,2.1417727924460497
2023-10-24,화담숲카페,2954.0,990.7828190767999,1963.2171809232,2.981480848398747
2023-10-25,느티나무 셀프BBQ,2352.0,1471.5315163864545,880.4684836135455,1.5983347782965978
2023-10-25,담하,2352.0,1933.2344266909947,418.7655733090053,1.216613964414953
2023-10-25,라그로타,294.0,408.5890005254223,-114.5890005254223,0.7195494729959266
2023-10-25,미라시아,2002.0,1380.9231779715956,621.0768220284044,1.449754795875531
2023-10-25,연회장,399.0,939.2664417290831,-540.2664417290831,0.42479959069493234
2023-10-25,카페테리아,3913.0,3043.650496487939,869.3495035120609,1.2856272441645982
2023-10-25,포레스트릿,1295.0,362.0519612556889,932.9480387443111,3.5768346496690926
2023-10-25,화담숲주막,9765.0,3791.630240819183,5973.369759180817,2.5754093568707974
2023-10-25,화담숲카페,3780.0,1064.3583879584216,2715.6416120415784,3.5514353461812176
2023-10-26,느티나무 셀프BBQ,2765.0,2838.56823915482,-73.56823915481982,0.9740826244231054
2023-10-26,담하,2338.0,2527.214145524148,-189.21414552414808,0.9251293580089927
2023-10-26,라그로타,329.0,426.6696404455306,-97.6696404455306,0.771088375672702
2023-10-26,미라시아,2436.0,1646.9291247204917,789.0708752795083,1.4791164740701428
2023-10-26,연회장,63.0,1231.493600612592,-1168.493600612592,0.051157391291892534
2023-10-26,카페테리아,2023.0,2686.364856595912,-663.364856595912,0.7530622636879974
2023-10-26,포레스트릿,973.0,365.7140503465928,607.2859496534072,2.6605485872852657
2023-10-26,화담숲주막,8869.0,3801.4339685147384,5067.566031485261,2.3330669619562574
2023-10-26,화담숲카페,2884.0,1098.0260069078438,1785.9739930921562,2.6265315956601483
2023-10-27,느티나무 셀프BBQ,672.0,2205.8035338615286,-1533.8035338615286,0.30465088557709485
2023-10-27,담하,3332.0,3069.137415929528,262.86258407047217,1.0856470559793625
2023-10-27,라그로타,406.0,500.1175093774063,-94.1175093774063,0.8118092096104119
2023-10-27,미라시아,2415.0,2121.9602858134094,293.0397141865906,1.1380985856077226
2023-10-27,연회장,497.0,1078.069472219266,-581.0694722192659,0.4610092510799864
2023-10-27,카페테리아,2030.0,2904.1407398771516,-874.1407398771516,0.6990019361409706
2023-10-27,포레스트릿,868.0,552.764332943013,315.23566705698704,1.5702894493546966
2023-10-27,화담숲주막,10136.0,5041.104707350633,5094.895292649367,2.010670396355842
2023-10-27,화담숲카페,3178.0,1424.807643799536,1753.192356200464,2.2304765235012525
2023-10-28,느티나무 셀프BBQ,1113.0,1527.920937019712,-414.920937019712,0.7284408329209517
2023-10-28,담하,3346.0,3605.097603050501,-259.0976030505012,0.9281302112788119
2023-10-28,라그로타,441.0,619.8176713025823,-178.8176713025823,0.7114995593352691
2023-10-28,미라시아,2359.0,2153.406236228823,205.59376377117678,1.0954737477361565
2023-10-28,연회장,448.0,884.235352778856,-436.23535277885605,0.5066524411086775
2023-10-28,카페테리아,1456.0,2403.427541326449,-947.427541326449,0.6058014959737189
2023-10-28,포레스트릿,2366.0,1089.0163978505036,1276.9836021494964,2.172602730932245
2023-10-28,화담숲주막,11081.0,7375.117636942198,3705.8823630578017,1.502484508788703
2023-10-28,화담숲카페,3444.0,1478.6979102869839,1965.3020897130161,2.329076125719007
2023-10-29,느티나무 셀프BBQ,791.0,1453.9435505966455,-662.9435505966455,0.5440376276475124
2023-10-29,담하,3948.0,3226.0373603533726,721.9626396466274,1.2237923988479618
2023-10-29,라그로타,406.0,540.6994132208201,-134.69941322082013,0.7508793057154488
2023-10-29,미라시아,3094.0,2416.959888413824,677.040111586176,1.2801205410282983
2023-10-29,연회장,14.0,851.2470365633512,-837.2470365633512,0.016446459604159924
2023-10-29,카페테리아,1414.0,2459.4650149286294,-1045.4650149286294,0.5749217782799129
2023-10-29,포레스트릿,2247.0,1616.2898652148983,630.7101347851017,1.3902209302668886
2023-10-29,화담숲주막,11116.0,8109.194587035863,3006.805412964137,1.3707896487983042
2023-10-29,화담숲카페,3535.0,1581.314554568372,1953.685445431628,2.2354818589302727
2023-10-30,느티나무 셀프BBQ,0.0,1571.1628849030658,-1571.1628849030658,0.0
2023-10-30,담하,4256.0,2619.8431431760205,1636.1568568239795,1.624524739614936
2023-10-30,라그로타,0.0,450.28289005421937,-450.28289005421937,0.0
2023-10-30,미라시아,2779.0,2344.6906802464837,434.3093197535163,1.1852309660342317
2023-10-30,연회장,294.0,913.6295432520807,-619.6295432520807,0.3217934469954876
2023-10-30,카페테리아,2345.0,2228.975629052398,116.02437094760216,1.0520527768161052
2023-10-30,포레스트릿,0.0,717.2925948550393,-717.2925948550393,0.0
2023-10-30,화담숲주막,9870.0,5634.984083420818,4235.015916579182,1.7515577424680568
2023-10-30,화담숲카페,3892.0,1450.1555893730947,2441.8444106269053,2.6838499458409975
2023-10-31,느티나무 셀프BBQ,721.0,1510.5846172213041,-789.5846172213041,0.47729865098604524
2023-10-31,담하,2555.0,2337.6032062197087,217.39679378029132,1.0929998697819456
2023-10-31,라그로타,616.0,452.5478443361799,163.45215566382012,1.3611820445274245
2023-10-31,미라시아,2884.0,1850.971994761286,1033.028005238714,1.5581002890170363
2023-10-31,연회장,252.0,1029.3386398930475,-777.3386398930475,0.24481739073370823
2023-10-31,카페테리아,1596.0,2304.3813876509776,-708.3813876509776,0.6925936863371901
2023-10-31,포레스트릿,875.0,466.47728417586535,408.52271582413465,1.8757612207117005
2023-10-31,화담숲주막,10759.0,4617.669209853614,6141.330790146386,2.329963345369443
2023-10-31,화담숲카페,3255.0,1131.7840275912154,2123.2159724087846,2.875990401567728
2023-11-01,느티나무 셀프BBQ,4410.0,1509.1638904321296,2900.83610956787,2.922147838255826
2023-11-01,담하,3647.0,1961.7647687892595,1685.2352312107405,1.8590404201472206
2023-11-01,라그로타,294.0,428.59245884859723,-134.59245884859723,0.6859663391881031
2023-11-01,미라시아,2233.0,1497.8679826472908,735.1320173527092,1.4907855871606637
2023-11-01,연회장,77.0,812.6706640631596,-735.6706640631596,0.09474932885483814
2023-11-01,카페테리아,1589.0,2479.206225065982,-890.2062250659819,0.6409309495654038
2023-11-01,포레스트릿,833.0,496.59610797745887,336.40389202254113,1.6774195097755598
2023-11-01,화담숲주막,9401.0,5493.145007730772,3907.854992269228,1.7114057587719809
2023-11-01,화담숲카페,2471.0,1398.4540786210323,1072.5459213789677,1.7669511196510426
2023-11-02,느티나무 셀프BBQ,2366.0,2142.350097682581,223.64990231741922,1.1043946563912899
2023-11-02,담하,2758.0,2173.3239610610426,584.6760389389574,1.269023877440486
2023-11-02,라그로타,511.0,417.22114474660674,93.77885525339326,1.2247701403301323
2023-11-02,미라시아,2037.0,1560.898676738817,476.1013232611831,1.30501744306421
2023-11-02,연회장,938.0,944.4141697411043,-6.414169741104274,0.9932083084449457
2023-11-02,카페테리아,2681.0,2128.4768496831443,552.5231503168557,1.2595861685782992
2023-11-02,포레스트릿,1351.0,431.31503568659576,919.6849643134042,3.1322812520305234
2023-11-02,화담숲주막,11263.0,5582.736129713206,5680.263870286794,2.017469523600536
2023-11-02,화담숲카페,4921.0,1378.8976537060182,3542.102346293982,3.568792786595864
2023-11-03,느티나무 셀프BBQ,2520.0,1718.0577158789927,801.9422841210073,1.4667726099706246
2023-11-03,담하,4067.0,2656.227006829393,1410.7729931706072,1.5311191361067356
2023-11-03,라그로타,651.0,495.76091656728846,155.23908343271154,1.3131329603543713
2023-11-03,미라시아,2618.0,2019.547279680609,598.4527203193909,1.2963301361352808
2023-11-03,연회장,1211.0,923.9148492528672,287.08515074713284,1.3107268499681406
2023-11-03,카페테리아,2681.0,2630.4105031762706,50.589496823729405,1.019232548213536
2023-11-03,포레스트릿,1295.0,491.8284610653773,803.1715389346227,2.633031844466316
2023-11-03,화담숲주막,10164.0,6696.811592721197,3467.1884072788034,1.5177371887014577
2023-11-03,화담숲카페,3416.0,1611.893026680204,1804.106973319796,2.119247334319368
2023-11-04,느티나무 셀프BBQ,343.0,1854.074870740682,-1511.074870740682,0.18499792290641173
2023-11-04,담하,3752.0,3430.2642675103993,321.73573248960065,1.0937932787094298
2023-11-04,라그로타,371.0,604.2796227531618,-233.2796227531618,0.6139541795397383
2023-11-04,미라시아,2247.0,1904.9147308552517,342.0852691447483,1.1795803579046091
2023-11-04,연회장,420.0,875.7996271255618,-455.79962712556176,0.4795617479062769
2023-11-04,카페테리아,1330.0,2273.501545240737,-943.501545240737,0.5850007020158716
2023-11-04,포레스트릿,1736.0,1257.5122559453348,478.4877440546652,1.3805034438371833
2023-11-04,화담숲주막,11907.0,8443.203679301516,3463.796320698484,1.4102466850574704
2023-11-04,화담숲카페,3584.0,1704.7824336392623,1879.2175663607377,2.102321052399104
2023-11-05,느티나무 셀프BBQ,301.0,1392.3168100394619,-1091.3168100394619,0.2161864295752264
2023-11-05,담하,2422.0,3056.5732522636763,-634.5732522636763,0.792390628363408
2023-11-05,라그로타,252.0,507.8389164931607,-255.8389164931607,0.4962203403791206
2023-11-05,미라시아,2905.0,2280.8550261562496,624.1449738437504,1.2736451754654368
2023-11-05,연회장,0.0,690.8364810180473,-690.8364810180473,0.0
2023-11-05,카페테리아,973.0,2127.515982433161,-1154.5159824331608,0.4573408651375752
2023-11-05,포레스트릿,903.0,1297.140469669701,-394.1404696697009,0.6961466557511204
2023-11-05,화담숲주막,9653.0,8860.342853994967,792.6571460050327,1.0894612272986297
2023-11-05,화담숲카페,2324.0,1846.1534739094345,477.8465260905655,1.2588335871549576
2023-11-06,느티나무 셀프BBQ,308.0,1466.7671302759445,-1158.7671302759445,0.20998561642300753
2023-11-06,담하,2751.0,2486.1124400401195,264.8875599598805,1.1065468945385293
2023-11-06,라그로타,0.0,416.8703136569499,-416.8703136569499,0.0
2023-11-06,미라시아,2674.0,2244.2844492064314,429.7155507935686,1.191471072637657
2023-11-06,연회장,42.0,816.3022739613655,-774.3022739613655,0.05145152885117138
2023-11-06,카페테리아,1435.0,1995.1406481987663,-560.1406481987663,0.7192475384106544
2023-11-06,포레스트릿,0.0,639.0380394135507,-639.0380394135507,0.0
2023-11-06,화담숲주막,7049.0,6604.226761582111,444.77323841788893,1.0673467545065547
2023-11-06,화담숲카페,1659.0,1783.6989352151545,-124.6989352151545,0.9300896957702601
2023-11-07,느티나무 셀프BBQ,721.0,1274.202122673162,-553.202122673162,0.565844293594023
2023-11-07,담하,2093.0,2128.4871288264103,-35.4871288264103,0.9833275342162971
2023-11-07,라그로타,273.0,413.0902079557439,-140.0902079557439,0.6608726005658494
2023-11-07,미라시아,2604.0,1502.87592898761,1101.12407101239,1.732677960817528
2023-11-07,연회장,1512.0,850.2936736301356,661.7063263698644,1.778209161012406
2023-11-07,카페테리아,4662.0,1768.369811060232,2893.6301889397682,2.6363263898996796
2023-11-07,포레스트릿,602.0,372.1403742955047,229.85962570449527,1.6176691420264202
2023-11-07,화담숲주막,8197.0,7079.295862030227,1117.704137969773,1.1578835183262468
2023-11-07,화담숲카페,2086.0,1285.3068865728721,800.6931134271279,1.6229587048756013
2023-11-08,느티나무 셀프BBQ,2261.0,1517.4315000562547,743.5684999437453,1.490017836005236
2023-11-08,담하,2247.0,2086.8508962656647,160.1491037343353,1.0767419962877633
2023-11-08,라그로타,490.0,409.366171953419,80.63382804658102,1.1969723772284637
2023-11-08,미라시아,2310.0,1374.4380455771109,935.5619544228891,1.6806868868578628
2023-11-08,연회장,364.0,634.7589369132187,-270.7589369132187,0.5734460420047058
2023-11-08,카페테리아,2030.0,1867.3524161030698,162.6475838969302,1.0871006364381692
2023-11-08,포레스트릿,693.0,337.0510059711886,355.9489940288114,2.0560686297409783
2023-11-08,화담숲주막,9233.0,7076.339510970878,2156.660489029122,1.3047706353949695
2023-11-08,화담숲카페,2422.0,1344.0845539049199,1077.9154460950801,1.8019699675615286
2023-11-09,느티나무 셀프BBQ,3332.0,1912.3490881838134,1419.6509118161866,1.7423597085846132
2023-11-09,담하,2716.0,2091.335067035657,624.6649329643428,1.2986919422002368
2023-11-09,라그로타,231.0,391.06318536161956,-160.06318536161956,0.5906973825377919
2023-11-09,미라시아,2268.0,1470.8551766779135,797.1448233220865,1.5419601031846826
2023-11-09,연회장,1484.0,835.3085944442188,648.6914055557812,1.7765889275775915
2023-11-09,카페테리아,2051.0,1876.615412518339,174.3845874816609,1.092925053433108
2023-11-09,포레스트릿,560.0,356.2044176803945,203.7955823196055,1.5721309793031868
2023-11-09,화담숲주막,9471.0,5753.836303050185,3717.163696949815,1.6460322298323462
2023-11-09,화담숲카페,2996.0,1660.4585465066268,1335.5414534933732,1.804320864440227
2023-11-10,느티나무 셀프BBQ,1960.0,1966.132943730671,-6.132943730671059,0.9968807075074821
2023-11-10,담하,2926.0,2304.3258836676564,621.6741163323436,1.2697856760359183
2023-11-10,라그로타,217.0,506.1135639972219,-289.1135639972219,0.42875752684073715
2023-11-10,미라시아,2065.0,1784.1462518156159,280.85374818438413,1.1574163260991506
2023-11-10,연회장,595.0,807.0511142824907,-212.05111428249074,0.7372519403916381
2023-11-10,카페테리아,2541.0,2474.533025779413,66.46697422058696,1.0268604110465052
2023-11-10,포레스트릿,511.0,383.48287744172944,127.51712255827056,1.3325236407136507
2023-11-10,화담숲주막,6993.0,7388.868029923641,-395.8680299236412,0.9464237244026495
2023-11-10,화담숲카페,1652.0,1723.5374555820024,-71.5374555820024,0.958493820166011
2023-11-11,느티나무 셀프BBQ,196.0,1446.408365483972,-1250.408365483972,0.13550806582511565
2023-11-11,담하,3598.0,3232.9944587810505,365.0055412189495,1.1129001443932474
2023-11-11,라그로타,378.0,567.0465255431648,-189.04652554316476,0.6666119674005936
2023-11-11,미라시아,2520.0,1841.9714071359522,678.0285928640478,1.3680994125301338
2023-11-11,연회장,420.0,775.6196027588437,-355.6196027588437,0.541502559381015
2023-11-11,카페테리아,2156.0,2012.3548011826847,143.6451988173153,1.0713816463840737
2023-11-11,포레스트릿,637.0,968.8204586374186,-331.8204586374186,0.6575005660965274
2023-11-11,화담숲주막,7210.0,8648.285343966161,-1438.2853439661612,0.83369127095585
2023-11-11,화담숲카페,2191.0,1770.9379621678265,420.0620378321735,1.237197489017611
2023-11-12,느티나무 셀프BBQ,343.0,1057.1902769727292,-714.1902769727292,0.3244449059654451
2023-11-12,담하,2646.0,2688.6429730670134,-42.64297306701337,0.9841395925401099
2023-11-12,라그로타,217.0,493.4886627471983,-276.4886627471983,0.43972641396052414
2023-11-12,미라시아,2835.0,2238.4547441494783,596.5452558505217,1.266498689513236
2023-11-12,연회장,14.0,690.6293696885218,-676.6293696885218,0.02027136495268669
2023-11-12,카페테리아,910.0,1808.2611220956778,-898.2611220956778,0.5032459023093737
2023-11-12,포레스트릿,707.0,1023.6750864036728,-316.6750864036728,0.6906488292919184
2023-11-12,화담숲주막,7189.0,8331.719533740676,-1142.7195337406756,0.8628470954749444
2023-11-12,화담숲카페,1792.0,1672.1319675987604,119.86803240123959,1.0716857489264884
2023-11-13,느티나무 셀프BBQ,868.0,1476.1081713987876,-608.1081713987876,0.5880327856849861
2023-11-13,담하,2212.0,2291.7161293396725,-79.71612933967253,0.9652155307024689
2023-11-13,라그로타,0.0,414.0948816078396,-414.0948816078396,0.0
2023-11-13,미라시아,2212.0,1899.912000958766,312.08799904123407,1.164264449555423
2023-11-13,연회장,14.0,887.553208667871,-873.553208667871,0.015773702199795556
2023-11-13,카페테리아,840.0,2154.6269292062107,-1314.6269292062107,0.389858675120832
2023-11-13,포레스트릿,0.0,426.63265792867816,-426.63265792867816,0.0
2023-11-13,화담숲주막,4270.0,5536.708522505051,-1266.7085225050514,0.7712163251223605
2023-11-13,화담숲카페,1351.0,1288.3937258267379,62.606274173262136,1.048592501591925
2023-11-14,느티나무 셀프BBQ,126.0,1133.9713930259322,-1007.9713930259322,0.1111139141383248
2023-11-14,담하,2653.0,2049.2437202005826,603.7562797994174,1.294623950215312
2023-11-14,라그로타,133.0,414.6539883788657,-281.6539883788657,0.3207493566382366
2023-11-14,미라시아,1666.0,1542.2814717085603,123.71852829143972,1.0802178659089918
2023-11-14,연회장,21.0,695.1426706138296,-674.1426706138296,0.03020962586206431
2023-11-14,카페테리아,651.0,2352.4703712293126,-1701.4703712293126,0.2767303715964813
2023-11-14,포레스트릿,175.0,354.89904490079994,-179.89904490079994,0.4930979739573978
2023-11-14,화담숲주막,5194.0,6292.1214519547775,-1098.1214519547775,0.8254767552820165
2023-11-14,화담숲카페,1512.0,1326.0063676932882,185.9936323067118,1.1402660174477632
2023-11-15,느티나무 셀프BBQ,1764.0,1646.4840313868615,117.51596861313851,1.0713738890708542
2023-11-15,담하,1211.0,1969.0778405527935,-758.0778405527935,0.615008698518504
2023-11-15,라그로타,154.0,414.30550734622443,-260.30550734622443,0.3717063791558681
2023-11-15,미라시아,1715.0,1578.2990040382872,136.7009959617128,1.0866128633496854
2023-11-15,연회장,539.0,652.0872862070063,-113.08728620700629,0.8265764590124113
2023-11-15,카페테리아,518.0,2014.1704526625715,-1496.1704526625715,0.2571778368187487
2023-11-15,포레스트릿,224.0,369.51734015990576,-145.51734015990576,0.6061961798682187
2023-11-15,화담숲주막,4116.0,6798.965812317306,-2682.965812317306,0.6053861886675872
2023-11-15,화담숲카페,1246.0,1530.4571957444336,-284.45719574443365,0.8141358042973099
2023-11-16,느티나무 셀프BBQ,490.0,2101.523395295398,-1611.5233952953981,0.23316418989050738
2023-11-16,담하,1491.0,2427.45108559024,-936.4510855902399,0.6142245291164993
2023-11-16,라그로타,308.0,478.91673227714074,-170.91673227714074,0.6431180604935844
2023-11-16,미라시아,2002.0,1842.091570728612,159.90842927138806,1.086808078280353
2023-11-16,연회장,1022.0,890.3002232323475,131.69977676765245,1.1479273770026697
2023-11-16,카페테리아,966.0,2251.841710695181,-1285.841710695181,0.4289821950681337
2023-11-16,포레스트릿,0.0,445.8848630466004,-445.8848630466004,0.0
2023-11-16,화담숲주막,2037.0,7175.778264511979,-5138.778264511979,0.28387164777290336
2023-11-16,화담숲카페,602.0,1794.0181128003273,-1192.0181128003273,0.33555959981938155
2023-11-17,느티나무 셀프BBQ,1610.0,1800.7367501535712,-190.73675015357117,0.8940784930738462
2023-11-17,담하,1127.0,2825.102179568938,-1698.102179568938,0.39892362412603455
2023-11-17,라그로타,434.0,560.5440743312814,-126.54407433128142,0.7742477708247186
2023-11-17,미라시아,1659.0,2090.688376812591,-431.68837681259083,0.7935185455659672
2023-11-17,연회장,168.0,898.812217740929,-730.812217740929,0.18691334706402915
2023-11-17,카페테리아,2366.0,2740.6016037028107,-374.60160370281073,0.8633140974606858
2023-11-17,포레스트릿,49.0,532.3854685749557,-483.38546857495567,0.09203857522850699
2023-11-17,화담숲주막,2562.0,7119.367228273309,-4557.367228273309,0.35986344261403874
2023-11-17,화담숲카페,917.0,1504.529035371756,-587.529035371756,0.6094930562595738
2023-11-18,느티나무 셀프BBQ,329.0,1467.9979055299555,-1138.9979055299555,0.2241147611727887
2023-11-18,담하,3045.0,3586.950245063898,-541.9502450638979,0.8489105763845789
2023-11-18,라그로타,476.0,671.53574574162,-195.53574574161996,0.7088230269474676
2023-11-18,미라시아,2394.0,2020.1047433435024,373.8952566564976,1.1850870643656124
2023-11-18,연회장,448.0,766.8856514381359,-318.88565143813594,0.5841809651280714
2023-11-18,카페테리아,1008.0,2405.9081051213907,-1397.9081051213907,0.41896862056131656
2023-11-18,포레스트릿,217.0,1241.4841826285017,-1024.4841826285017,0.17479078915090332
2023-11-18,화담숲주막,3962.0,7893.054589860599,-3931.0545898605988,0.5019602936852327
2023-11-18,화담숲카페,1421.0,1862.5720991304102,-441.57209913041015,0.762923486647003
2023-11-19,느티나무 셀프BBQ,182.0,1012.9841786016489,-830.9841786016489,0.17966716938386718
2023-11-19,담하,1918.0,3064.6804221600514,-1146.6804221600514,0.6258401320187744
2023-11-19,라그로타,231.0,606.4018048068905,-375.4018048068905,0.38093554169675053
2023-11-19,미라시아,2569.0,2495.7317677063224,73.26823229367756,1.0293574146235331
2023-11-19,연회장,21.0,650.9980302426648,-629.9980302426648,0.032258162120969984
2023-11-19,카페테리아,357.0,2012.745752421977,-1655.745752421977,0.17736964520750562
2023-11-19,포레스트릿,434.0,1075.3664931160688,-641.3664931160688,0.4035833390553267
2023-11-19,화담숲주막,4431.0,7826.497431457183,-3395.4974314571828,0.5661536388155449
2023-11-19,화담숲카페,1477.0,1674.676045225366,-197.6760452253659,0.8819616213004563
2023-11-20,느티나무 셀프BBQ,581.0,1246.508705406881,-665.5087054068811,0.4661018390644548
2023-11-20,담하,609.0,2385.552491785539,-1776.5524917855391,0.2552867740689183
2023-11-20,라그로타,0.0,470.7083331606904,-470.7083331606904,0.0
2023-11-20,미라시아,1694.0,2030.5279497383121,-336.52794973831215,0.8342657879781055
2023-11-20,연회장,14.0,857.9667941951509,-843.9667941951509,0.016317647832901558
2023-11-20,카페테리아,357.0,2279.1708474913976,-1922.1708474913976,0.15663591011307346
2023-11-20,포레스트릿,0.0,413.9223819431163,-413.9223819431163,0.0
2023-11-20,화담숲주막,0.0,6107.469951416339,-6107.469951416339,0.0
2023-11-20,화담숲카페,0.0,1275.733034168606,-1275.733034168606,0.0
2023-11-21,느티나무 셀프BBQ,35.0,1190.2144203767975,-1155.2144203767975,0.029406466096184348
2023-11-21,담하,1190.0,2319.532840362698,-1129.5328403626982,0.5130343400587177
2023-11-21,라그로타,294.0,482.0179347582241,-188.0179347582241,0.6099358110968791
2023-11-21,미라시아,1358.0,1723.5599627083084,-365.5599627083084,0.7879041225035842
2023-11-21,연회장,203.0,915.4317417074554,-712.4317417074554,0.22175328946030004
2023-11-21,카페테리아,476.0,2149.9916913652883,-1673.9916913652883,0.2213962044186926
2023-11-21,포레스트릿,28.0,325.74631380702607,-297.74631380702607,0.08595646002179277
2023-11-21,화담숲주막,1617.0,5638.050480366448,-4021.050480366448,0.28680126324354976
2023-11-21,화담숲카페,707.0,1074.5450926726064,-367.5450926726064,0.657952844251097
2023-11-22,느티나무 셀프BBQ,1708.0,1760.5627258279494,-52.56272582794941,0.9701443606314961
2023-11-22,담하,2303.0,2069.2194160707486,233.7805839292514,1.1129800842354256
2023-11-22,라그로타,210.0,502.82750913744053,-292.82750913744053,0.41763824807484745
2023-11-22,미라시아,1400.0,1828.846638634097,-428.84663863409696,0.765509786564505
2023-11-22,연회장,70.0,723.2468762913766,-653.2468762913766,0.09678576195025126
2023-11-22,카페테리아,434.0,2102.887318675292,-1668.8873186752921,0.20638290798833533
2023-11-22,포레스트릿,14.0,319.2005243127044,-305.2005243127044,0.04385957707978236
2023-11-22,화담숲주막,826.0,5378.367819148018,-4552.367819148018,0.1535781909633034
2023-11-22,화담숲카페,245.0,1127.4479319289112,-882.4479319289112,0.2173049353869833
2023-11-23,느티나무 셀프BBQ,1218.0,1507.5610695362238,-289.56106953622384,0.8079274694820141
2023-11-23,담하,2051.0,2032.4132637084685,18.58673629153145,1.009145155969715
2023-11-23,라그로타,210.0,493.63833092605176,-283.63833092605176,0.4254126692431802
2023-11-23,미라시아,1974.0,1828.800540634182,145.19945936581803,1.0793960063657169
2023-11-23,연회장,581.0,926.6794517686851,-345.6794517686851,0.6269697670441359
2023-11-23,카페테리아,819.0,1888.636087582963,-1069.636087582963,0.43364627277038803
2023-11-23,포레스트릿,49.0,357.6635962332907,-308.6635962332907,0.1370002441289527
2023-11-23,화담숲주막,1050.0,4373.812102111426,-3323.8121021114257,0.24006518238246224
2023-11-23,화담숲카페,448.0,1019.1157350810456,-571.1157350810456,0.4395967843283007
2023-11-24,느티나무 셀프BBQ,924.0,1472.9172272667056,-548.9172272667056,0.6273264939094154
2023-11-24,담하,2751.0,2255.126818338227,495.87318166177283,1.2198870492024814
2023-11-24,라그로타,315.0,557.1117333671598,-242.1117333671598,0.5654162013356877
2023-11-24,미라시아,2331.0,2007.4683638469771,323.5316361530229,1.1611640023721364
2023-11-24,연회장,329.0,920.3317001283328,-591.3317001283328,0.35747980858871165
2023-11-24,카페테리아,3444.0,2539.3805129861776,904.6194870138224,1.3562362877039005
2023-11-24,포레스트릿,0.0,375.12574303791854,-375.12574303791854,0.0
2023-11-24,화담숲주막,406.0,3479.8589683691944,-3073.8589683691944,0.11667139493019982
2023-11-24,화담숲카페,245.0,1097.1959040866275,-852.1959040866275,0.22329649526348977
2023-11-25,느티나무 셀프BBQ,399.0,1253.5980712440041,-854.5980712440041,0.31828383367250523
2023-11-25,담하,2639.0,3325.4937841937412,-686.4937841937412,0.7935663607441744
2023-11-25,라그로타,252.0,632.6408713570399,-380.64087135703994,0.39833025561476915
2023-11-25,미라시아,2023.0,2132.0408441053046,-109.04084410530459,0.9488561185838525
2023-11-25,연회장,336.0,768.743075793642,-432.743075793642,0.4370771075279179
2023-11-25,카페테리아,1477.0,1989.307278145637,-512.3072781456369,0.7424695099777687
2023-11-25,포레스트릿,119.0,855.4382562968742,-736.4382562968742,0.1391099814908229
2023-11-25,화담숲주막,3332.0,6054.521289409147,-2722.5212894091474,0.5503325268388255
2023-11-25,화담숲카페,756.0,1499.00586111774,-743.0058611177401,0.5043342521931738
2023-11-26,느티나무 셀프BBQ,448.0,951.3839662524987,-503.3839662524987,0.4708929474233962
2023-11-26,담하,1029.0,2544.1708696934143,-1515.1708696934143,0.4044539666174229
2023-11-26,라그로타,294.0,566.2346514690897,-272.2346514690897,0.5192193717520116
2023-11-26,미라시아,2471.0,2470.64643819598,0.3535618040200461,1.0001431049779337
2023-11-26,연회장,0.0,651.5453955287369,-651.5453955287369,0.0
2023-11-26,카페테리아,644.0,1677.725041098075,-1033.725041098075,0.3838531250499191
2023-11-26,포레스트릿,63.0,680.9560313545322,-617.9560313545322,0.0925169865588572
2023-11-26,화담숲주막,2723.0,5605.904490420113,-2882.904490420113,0.4857378509843173
2023-11-26,화담숲카페,651.0,1446.4711929850575,-795.4711929850575,0.45006081224233896
2023-11-27,느티나무 셀프BBQ,2219.0,1161.6676080111524,1057.3323919888476,1.9101849657313479
2023-11-27,담하,455.0,2071.5477297363154,-1616.5477297363154,0.21964253754264998
2023-11-27,라그로타,0.0,464.24885310507227,-464.24885310507227,0.0
2023-11-27,미라시아,1267.0,1829.3189014592335,-562.3189014592335,0.6926075048966716
2023-11-27,연회장,28.0,804.9483040246771,-776.9483040246771,0.03478484252964102
2023-11-27,카페테리아,1001.0,1940.4184934940743,-939.4184934940743,0.5158680992560107
2023-11-27,포레스트릿,0.0,324.1556842242041,-324.1556842242041,0.0
2023-11-27,화담숲주막,0.0,2050.1996576798697,-2050.1996576798697,0.0
2023-11-27,화담숲카페,0.0,762.3148027775292,-762.3148027775292,0.0
2023-11-28,느티나무 셀프BBQ,147.0,1115.1398210186028,-968.1398210186028,0.13182203453709124
2023-11-28,담하,735.0,2006.2639899684534,-1271.2639899684534,0.3663525855396314
2023-11-28,라그로타,105.0,502.75767985048,-397.75767985048,0.20884812745421805
2023-11-28,미라시아,637.0,1630.727432165866,-993.727432165866,0.3906232196964777
2023-11-28,연회장,238.0,956.1973551572487,-718.1973551572487,0.2489025918303867
2023-11-28,카페테리아,1533.0,2087.9236548096137,-554.9236548096137,0.7342222482458468
2023-11-28,포레스트릿,0.0,262.1155772627941,-262.1155772627941,0.0
2023-11-28,화담숲주막,0.0,2322.1121447015817,-2322.1121447015817,0.0
2023-11-28,화담숲카페,0.0,612.3886454821989,-612.3886454821989,0.0
2023-11-29,느티나무 셀프BBQ,91.0,1702.891786831805,-1611.891786831805,0.05343851012946843
2023-11-29,담하,322.0,2070.804718059325,-1748.8047180593248,0.15549510641532896
2023-11-29,라그로타,133.0,508.03110716013913,-375.03110716013913,0.26179499271897216
2023-11-29,미라시아,980.0,1503.9027133021614,-523.9027133021614,0.6516378960765264
2023-11-29,연회장,0.0,875.4182775390481,-875.4182775390481,0.0
2023-11-29,카페테리아,203.0,1845.1455321680598,-1642.1455321680598,0.11001842210325463
2023-11-29,포레스트릿,0.0,244.71735796907208,-244.71735796907208,0.0
2023-11-29,화담숲주막,0.0,1895.6092550252486,-1895.6092550252486,0.0
2023-11-29,화담숲카페,0.0,571.0216783018238,-571.0216783018238,0.0
2023-11-30,느티나무 셀프BBQ,1659.0,1556.2221244486461,102.77787555135387,1.0660431913521131
2023-11-30,담하,756.0,2181.543309240222,-1425.5433092402218,0.346543658701553
2023-11-30,라그로타,168.0,524.2461851821726,-356.24618518217255,0.3204601287496655
2023-11-30,미라시아,532.0,1863.9692116872034,-1331.9692116872034,0.28541243957482065
2023-11-30,연회장,448.0,962.8926771217587,-514.8926771217587,0.46526472850447276
2023-11-30,카페테리아,896.0,2053.0139103121746,-1157.0139103121746,0.43643152903126564
2023-11-30,포레스트릿,0.0,304.4614526958818,-304.4614526958818,0.0
2023-11-30,화담숲주막,0.0,1942.4166978376181,-1942.4166978376181,0.0
2023-11-30,화담숲카페,0.0,676.5759063986025,-676.5759063986025,0.0
2023-12-01,느티나무 셀프BBQ,560.0,1612.2630684803353,-1052.2630684803353,0.34733785754196866
2023-12-01,담하,2331.0,2685.910732863349,-354.91073286334904,0.8678620519584461
2023-12-01,라그로타,161.0,560.5001951189856,-399.50019511898563,0.2872434325661959
2023-12-01,미라시아,2058.0,2064.627070205129,-6.627070205128803,0.9967901853556195
2023-12-01,연회장,119.0,924.8006530224391,-805.8006530224391,0.1286763797268995
2023-12-01,카페테리아,1092.0,3102.8588641592382,-2010.8588641592382,0.35193350642324245
2023-12-01,포레스트릿,0.0,308.6071319948638,-308.6071319948638,0.0
2023-12-01,화담숲주막,0.0,1570.663745404323,-1570.663745404323,0.0
2023-12-01,화담숲카페,0.0,585.0316560259381,-585.0316560259381,0.0
2023-12-02,느티나무 셀프BBQ,105.0,1266.6929010696877,-1161.6929010696877,0.08289302001403052
2023-12-02,담하,2107.0,3309.1073561394683,-1202.1073561394683,0.6367276045277984
2023-12-02,라그로타,294.0,630.8055831745647,-336.80558317456473,0.4660707004532655
2023-12-02,미라시아,2044.0,2108.006405908651,-64.00640590865078,0.9696365221048457
2023-12-02,연회장,476.0,966.2118847585579,-490.21188475855786,0.49264556512772084
2023-12-02,카페테리아,1694.0,2191.503957218752,-497.503957218752,0.772985143111429
2023-12-02,포레스트릿,0.0,650.1432083790604,-650.1432083790604,0.0
2023-12-02,화담숲주막,0.0,2907.4262378506587,-2907.4262378506587,0.0
2023-12-02,화담숲카페,0.0,777.1235467595841,-777.1235467595841,0.0
2023-12-03,느티나무 셀프BBQ,77.0,1203.003471534336,-1126.003471534336,0.06400646533612457
2023-12-03,담하,665.0,2475.3089694035298,-1810.3089694035298,0.268653331046687
2023-12-03,라그로타,105.0,578.7303425811782,-473.7303425811782,0.1814316483419421
2023-12-03,미라시아,1778.0,2467.474981582655,-689.4749815826549,0.720574681920211
2023-12-03,연회장,14.0,790.660727196958,-776.660727196958,0.0177067097408931
2023-12-03,카페테리아,406.0,2114.277768658065,-1708.2777686580648,0.19202774868019767
2023-12-03,포레스트릿,0.0,485.6288592641273,-485.6288592641273,0.0
2023-12-03,화담숲주막,0.0,2430.8001159582295,-2430.8001159582295,0.0
2023-12-03,화담숲카페,0.0,632.4196197725418,-632.4196197725418,0.0
2023-12-04,느티나무 셀프BBQ,0.0,1365.9724612309901,-1365.9724612309901,0.0
2023-12-04,담하,308.0,2145.824316553469,-1837.824316553469,0.14353458371405559
2023-12-04,라그로타,126.0,513.1566784427267,-387.15667844272673,0.24553904351858263
2023-12-04,미라시아,952.0,1875.036039751316,-923.0360397513159,0.5077235742766111
2023-12-04,연회장,252.0,882.9396646540547,-630.9396646540547,0.285410215542572
2023-12-04,카페테리아,2100.0,2023.978988513889,76.02101148611109,1.0375601782022104
2023-12-04,포레스트릿,0.0,345.19629897719733,-345.19629897719733,0.0
2023-12-04,화담숲주막,0.0,966.6866814506305,-966.6866814506305,0.0
2023-12-04,화담숲카페,0.0,480.6848215056687,-480.6848215056687,0.0
2023-12-05,느티나무 셀프BBQ,119.0,1125.4461620802292,-1006.4461620802292,0.10573584415628128
2023-12-05,담하,1232.0,1857.3754347251704,-625.3754347251704,0.6633015474237145
2023-12-05,라그로타,0.0,497.3207400203526,-497.3207400203526,0.0
2023-12-05,미라시아,798.0,1452.0757832623876,-654.0757832623876,0.5495580941423928
2023-12-05,연회장,21.0,846.1295556893583,-825.1295556893583,0.024818894292010504
2023-12-05,카페테리아,2177.0,2040.6009669311204,136.3990330688796,1.0668425798474512
2023-12-05,포레스트릿,0.0,260.00105990805775,-260.00105990805775,0.0
2023-12-05,화담숲주막,0.0,668.5149764435075,-668.5149764435075,0.0
2023-12-05,화담숲카페,0.0,347.5702876663441,-347.5702876663441,0.0
2023-12-06,느티나무 셀프BBQ,2184.0,1365.6121121803208,818.3878878196792,1.599282827473645
2023-12-06,담하,840.0,1762.3667919358118,-922.3667919358118,0.47663176805398755
2023-12-06,라그로타,42.0,483.618227384489,-441.618227384489,0.08684536194416204
2023-12-06,미라시아,455.0,1443.4298873263551,-988.4298873263551,0.31522140700771417
2023-12-06,연회장,63.0,929.7642187035107,-866.7642187035107,0.06775911433529778
2023-12-06,카페테리아,1337.0,2017.401809610952,-680.4018096109519,0.6627336178794423
2023-12-06,포레스트릿,56.0,216.7917127786201,-160.7917127786201,0.25831245706880496
2023-12-06,화담숲주막,0.0,623.6327995630194,-623.6327995630194,0.0
2023-12-06,화담숲카페,0.0,321.54635049251345,-321.54635049251345,0.0
2023-12-07,느티나무 셀프BBQ,3136.0,1618.5675836464577,1517.4324163535423,1.9375156352352807
2023-12-07,담하,1211.0,1915.0174316080356,-704.0174316080356,0.6323702228564709
2023-12-07,라그로타,189.0,496.1887208940085,-307.1887208940085,0.38090345878775533
2023-12-07,미라시아,763.0,1491.289927019082,-728.2899270190819,0.5116376005604422
2023-12-07,연회장,1351.0,885.3984684074134,465.60153159258664,1.5258666557556564
2023-12-07,카페테리아,1960.0,2044.1302967437682,-84.13029674376821,0.9588429872216145
2023-12-07,포레스트릿,518.0,239.8411733461203,278.1588266538797,2.1597626161228884
2023-12-07,화담숲주막,0.0,636.9730181206146,-636.9730181206146,0.0
2023-12-07,화담숲카페,0.0,385.7806990849943,-385.7806990849943,0.0
2023-12-08,느티나무 셀프BBQ,2464.0,1266.431520834628,1197.568479165372,1.9456243464124516
2023-12-08,담하,2142.0,2195.899245031402,-53.89924503140219,0.9754545910276355
2023-12-08,라그로타,322.0,504.2434643241662,-182.2434643241662,0.6385804135936084
2023-12-08,미라시아,966.0,1882.6038648434578,-916.6038648434578,0.513119099583026
2023-12-08,연회장,707.0,850.3613144036007,-143.36131440360066,0.8314112930876367
2023-12-08,카페테리아,5005.0,2519.9306163425686,2485.0693836574314,1.986165796606045
2023-12-08,포레스트릿,8267.0,226.89725392321387,8040.102746076786,36.434993624020244
2023-12-08,화담숲주막,0.0,652.0004335137451,-652.0004335137451,0.0
2023-12-08,화담숲카페,0.0,390.26930739976694,-390.26930739976694,0.0
2023-12-09,느티나무 셀프BBQ,119.0,1068.1712822050054,-949.1712822050054,0.11140535416225626
2023-12-09,담하,1533.0,2875.1614352745996,-1342.1614352745996,0.5331874520825252
2023-12-09,라그로타,385.0,606.9661061782562,-221.96610617825615,0.6343023046610311
2023-12-09,미라시아,1736.0,1871.6052324686254,-135.60523246862545,0.9275460283417974
2023-12-09,연회장,427.0,974.140281338369,-547.140281338369,0.43833522561385685
2023-12-09,카페테리아,5663.0,2371.9316101790546,3291.0683898209454,2.3875055991064205
2023-12-09,포레스트릿,18305.0,476.47118779691885,17828.52881220308,38.41785289187715
2023-12-09,화담숲주막,0.0,1038.0701333700379,-1038.0701333700379,0.0
2023-12-09,화담숲카페,0.0,506.3464303522734,-506.3464303522734,0.0
2023-12-10,느티나무 셀프BBQ,147.0,958.5131912943655,-811.5131912943655,0.1533625215960699
2023-12-10,담하,749.0,1981.5471960776363,-1232.5471960776363,0.3779874642817513
2023-12-10,라그로타,315.0,489.6876977566633,-174.68769775666328,0.6432671301383817
2023-12-10,미라시아,2121.0,1825.3516435140266,295.6483564859734,1.1619678912479647
2023-12-10,연회장,245.0,741.8154557552128,-496.81545575521284,0.3302708215354926
2023-12-10,카페테리아,5208.0,1739.9637473241792,3468.036252675821,2.9931658104998884
2023-12-10,포레스트릿,13069.0,478.41729902648024,12590.58270097352,27.31715601963765
2023-12-10,화담숲주막,0.0,707.1517211203891,-707.1517211203891,0.0
2023-12-10,화담숲카페,0.0,375.553310554754,-375.553310554754,0.0
2023-12-11,느티나무 셀프BBQ,1505.0,1326.5813557633844,178.4186442366156,1.1344950639185971
2023-12-11,담하,1848.0,1675.8878143333486,172.11218566665138,1.1026991092092377
2023-12-11,라그로타,0.0,425.0148634301739,-425.0148634301739,0.0
2023-12-11,미라시아,1687.0,1297.3301246426363,389.6698753573637,1.3003629284140015
2023-12-11,연회장,21.0,720.7562439499292,-699.7562439499292,0.029136063927680474
2023-12-11,카페테리아,1953.0,1997.0044905723155,-44.00449057231549,0.9779647513162555
2023-12-11,포레스트릿,651.0,435.35461804516893,215.64538195483107,1.4953327081337113
2023-12-11,화담숲주막,0.0,753.2808873653927,-753.2808873653927,0.0
2023-12-11,화담숲카페,0.0,364.68802178772194,-364.68802178772194,0.0
2023-12-12,느티나무 셀프BBQ,441.0,1142.081570143037,-701.081570143037,0.3861370426849355
2023-12-12,담하,567.0,1732.7817554304474,-1165.7817554304474,0.3272195117608156
2023-12-12,라그로타,126.0,431.9057904834181,-305.9057904834181,0.2917302865029253
2023-12-12,미라시아,1638.0,1177.8516399350262,460.14836006497376,1.390667503838053
2023-12-12,연회장,1344.0,808.6032529055453,535.3967470944547,1.6621253935976876
2023-12-12,카페테리아,2891.0,1837.3049464760777,1053.6950535239223,1.5735003628792776
2023-12-12,포레스트릿,3066.0,420.49218144996416,2645.507818550036,7.29145543069945
2023-12-12,화담숲주막,0.0,572.9822705079541,-572.9822705079541,0.0
2023-12-12,화담숲카페,0.0,360.56214918056634,-360.56214918056634,0.0
2023-12-13,느티나무 셀프BBQ,161.0,1430.2359370578977,-1269.2359370578977,0.11256883974764964
2023-12-13,담하,665.0,1646.4639477254627,-981.4639477254627,0.4038958769298752
2023-12-13,라그로타,266.0,450.286011655253,-184.286011655253,0.5907356504861945
2023-12-13,미라시아,1225.0,1201.8508016507883,23.1491983492117,1.019261291266283
2023-12-13,연회장,1330.0,894.7156674903616,435.2843325096384,1.4865057675033142
2023-12-13,카페테리아,1827.0,1769.6475625774226,57.352437422577395,1.0324089601994229
2023-12-13,포레스트릿,4543.0,505.1653350570652,4037.834664942935,8.993095299159448
2023-12-13,화담숲주막,0.0,603.0169232142013,-603.0169232142013,0.0
2023-12-13,화담숲카페,0.0,285.5336425037915,-285.5336425037915,0.0
2023-12-14,느티나무 셀프BBQ,3136.0,1612.5761940202156,1523.4238059797844,1.9447143097045414
2023-12-14,담하,1309.0,1832.0093092322652,-523.0093092322652,0.7145160198714049
2023-12-14,라그로타,308.0,423.64423322207165,-115.64423322207165,0.727025121190658
2023-12-14,미라시아,525.0,1228.1148997986893,-703.1148997986893,0.42748443169776473
2023-12-14,연회장,371.0,1050.0155742310153,-679.0155742310153,0.353328092558726
2023-12-14,카페테리아,952.0,2049.3794230248145,-1097.3794230248145,0.4645308669074467
2023-12-14,포레스트릿,644.0,777.7602618277599,-133.7602618277599,0.8280186473998822
2023-12-14,화담숲주막,0.0,790.0612830971535,-790.0612830971535,0.0
2023-12-14,화담숲카페,0.0,343.16022388637737,-343.16022388637737,0.0
2023-12-15,느티나무 셀프BBQ,462.0,1394.4557587320155,-932.4557587320155,0.3313120528256117
2023-12-15,담하,2331.0,2354.735279672414,-23.73527967241398,0.9899201919309945
2023-12-15,라그로타,364.0,478.39424006598927,-114.39424006598927,0.7608787261940908
2023-12-15,미라시아,1652.0,1650.2752411639822,1.724758836017827,1.0010451340437012
2023-12-15,연회장,875.0,884.713463657135,-9.71346365713498,0.9890207801100003
2023-12-15,카페테리아,1078.0,3457.44739065696,-2379.44739065696,0.31179071673312314
2023-12-15,포레스트릿,455.0,2992.670534150533,-2537.670534150533,0.15203811940132306
2023-12-15,화담숲주막,0.0,651.6267155370923,-651.6267155370923,0.0
2023-12-15,화담숲카페,0.0,307.24153706643386,-307.24153706643386,0.0
2023-12-16,느티나무 셀프BBQ,112.0,969.2075691650963,-857.2075691650963,0.11555832162606826
2023-12-16,담하,1316.0,2491.950789699098,-1175.950789699098,0.5281003162020332
2023-12-16,라그로타,336.0,605.7545101625597,-269.75451016255965,0.554680145773626
2023-12-16,미라시아,1652.0,1655.3544172772185,-3.3544172772185448,0.9979735957193168
2023-12-16,연회장,266.0,855.3147534342694,-589.3147534342694,0.3109966230933745
2023-12-16,카페테리아,4389.0,3364.1756192793623,1024.8243807206377,1.3046286807524528
2023-12-16,포레스트릿,4333.0,5097.861027654085,-764.8610276540849,0.8499643235653178
2023-12-16,화담숲주막,0.0,1228.0339150904533,-1228.0339150904533,0.0
2023-12-16,화담숲카페,0.0,519.9644158730123,-519.9644158730123,0.0
2023-12-17,느티나무 셀프BBQ,105.0,905.7446234985758,-800.7446234985758,0.11592671629053848
2023-12-17,담하,1211.0,1876.110725813457,-665.1107258134571,0.6454842900996295
2023-12-17,라그로타,385.0,441.82156596645575,-56.82156596645575,0.8713925024412009
2023-12-17,미라시아,1715.0,1729.8090393188784,-14.809039318878376,0.9914389166767741
2023-12-17,연회장,91.0,698.0765587173019,-607.0765587173019,0.13035819476191868
2023-12-17,카페테리아,3360.0,2385.8470882606885,974.1529117393115,1.4083048392047124
2023-12-17,포레스트릿,2457.0,4816.031435725679,-2359.0314357256793,0.5101710885385405
2023-12-17,화담숲주막,0.0,987.4421986635436,-987.4421986635436,0.0
2023-12-17,화담숲카페,0.0,473.13303283667426,-473.13303283667426,0.0
2023-12-18,느티나무 셀프BBQ,2114.0,1526.2054565789247,587.7945434210753,1.3851346100797266
2023-12-18,담하,1561.0,1654.8170527090986,-93.81705270909856,0.9433066920868921
2023-12-18,라그로타,182.0,370.7369599220781,-188.73695992207809,0.4909140972571307
2023-12-18,미라시아,1393.0,1208.6653322842467,184.3346677157533,1.1525109248954637
2023-12-18,연회장,315.0,811.9019784399397,-496.90197843993974,0.38797786969957737
2023-12-18,카페테리아,6727.0,1896.8224749082394,4830.177525091761,3.54645734589655
2023-12-18,포레스트릿,7686.0,950.7335566593731,6735.266443340627,8.084283915471099
2023-12-18,화담숲주막,0.0,1035.9469607203703,-1035.9469607203703,0.0
2023-12-18,화담숲카페,0.0,441.5350029734357,-441.5350029734357,0.0
2023-12-19,느티나무 셀프BBQ,966.0,1102.199584409935,-136.19958440993491,0.8764292907233768
2023-12-19,담하,2947.0,1523.7122604389353,1423.2877395610647,1.934092201339286
2023-12-19,라그로타,322.0,371.5600513959539,-49.560051395953906,0.8666163081586504
2023-12-19,미라시아,812.0,1102.455384820539,-290.45538482053894,0.7365377421891588
2023-12-19,연회장,42.0,692.3859639933037,-650.3859639933037,0.060659808523221594
2023-12-19,카페테리아,6153.0,2088.403517983661,4064.596482016339,2.9462696969313087
2023-12-19,포레스트릿,7385.0,1291.808243798713,6093.191756201287,5.7167927480347585
2023-12-19,화담숲주막,0.0,508.664702531597,-508.664702531597,0.0
2023-12-19,화담숲카페,0.0,350.29836345580117,-350.29836345580117,0.0
2023-12-20,느티나무 셀프BBQ,91.0,1230.670946341236,-1139.670946341236,0.0739434048317639
2023-12-20,담하,1652.0,1515.402273456036,136.59772654396397,1.090139581374943
2023-12-20,라그로타,322.0,378.23374432342604,-56.23374432342604,0.8513254167102002
2023-12-20,미라시아,1491.0,1116.303605218861,374.6963947811389,1.3356581426678062
2023-12-20,연회장,364.0,752.3297529098803,-388.3297529098803,0.48383039297875896
2023-12-20,카페테리아,7413.0,1797.9394887847743,5615.060511215226,4.123053109540655
2023-12-20,포레스트릿,6069.0,1537.1039616658638,4531.896038334136,3.9483341083986363
2023-12-20,화담숲주막,0.0,450.9184088205662,-450.9184088205662,0.0
2023-12-20,화담숲카페,0.0,271.79933833859525,-271.79933833859525,0.0
2023-12-21,느티나무 셀프BBQ,574.0,2368.2676033686057,-1794.2676033686057,0.24237125871398435
2023-12-21,담하,1848.0,1838.8711189587361,9.128881041263867,1.0049643941585384
2023-12-21,라그로타,413.0,374.0372146351357,38.96278536486432,1.1041682053024364
2023-12-21,미라시아,1001.0,1044.9087197652505,-43.90871976525045,0.9579784157843807
2023-12-21,연회장,231.0,887.2073756828695,-656.2073756828695,0.260367537885044
2023-12-21,카페테리아,6342.0,1990.23426489239,4351.76573510761,3.1865595482263016
2023-12-21,포레스트릿,5362.0,883.5300491527983,4478.469950847202,6.068837166479543
2023-12-21,화담숲주막,0.0,712.7783290856224,-712.7783290856224,0.0
2023-12-21,화담숲카페,0.0,320.5477325562236,-320.5477325562236,0.0
2023-12-22,느티나무 셀프BBQ,609.0,1400.9430678203062,-791.9430678203062,0.43470717261018216
2023-12-22,담하,2128.0,2477.8952208069186,-349.8952208069186,0.8587933751722656
2023-12-22,라그로타,357.0,456.76463361176076,-99.76463361176076,0.7815841545723561
2023-12-22,미라시아,2205.0,1670.6562522100883,534.3437477899117,1.3198406297423757
2023-12-22,연회장,784.0,764.0894817373824,19.910518262617643,1.0260578358143935
2023-12-22,카페테리아,8750.0,2950.5814629844594,5799.418537015541,2.965517173401318
2023-12-22,포레스트릿,9905.0,1511.5699179667665,8393.430082033234,6.552789839403097
2023-12-22,화담숲주막,0.0,692.0720956237471,-692.0720956237471,0.0
2023-12-22,화담숲카페,0.0,383.87077916849245,-383.87077916849245,0.0
2023-12-23,느티나무 셀프BBQ,119.0,972.7219833586041,-853.7219833586041,0.12233711382682858
2023-12-23,담하,1890.0,2582.278449748767,-692.2784497487669,0.7319117735672078
2023-12-23,라그로타,574.0,583.2931206562025,-9.293120656202518,0.9840678377181137
2023-12-23,미라시아,2492.0,1698.0268735044383,793.9731264955617,1.4675857248695579
2023-12-23,연회장,462.0,794.8503520001544,-332.85035200015443,0.5812414863218306
2023-12-23,카페테리아,10955.0,3661.2209106909004,7293.7790893091,2.9921712639657976
2023-12-23,포레스트릿,17353.0,4268.8383901316,13084.161609868399,4.065040278900097
2023-12-23,화담숲주막,0.0,1275.5149879320159,-1275.5149879320159,0.0
2023-12-23,화담숲카페,0.0,524.9029587361908,-524.9029587361908,0.0
2023-12-24,느티나무 셀프BBQ,161.0,954.4270467346439,-793.4270467346439,0.1686875917345648
2023-12-24,담하,2177.0,1962.441708496516,214.55829150348404,1.1093323131966368
2023-12-24,라그로타,805.0,491.5535821736537,313.4464178263463,1.6376648023604747
2023-12-24,미라시아,2604.0,1749.2379206604362,854.7620793395638,1.4886482674791561
2023-12-24,연회장,497.0,776.1456326171676,-279.1456326171676,0.6403437436401118
2023-12-24,카페테리아,12768.0,2761.7606450977673,10006.239354902233,4.6231377880859075
2023-12-24,포레스트릿,26320.0,2838.4393368474707,23481.56066315253,9.272701254638214
2023-12-24,화담숲주막,0.0,940.4808952165099,-940.4808952165099,0.0
2023-12-24,화담숲카페,0.0,460.594131498448,-460.594131498448,0.0
2023-12-25,느티나무 셀프BBQ,217.0,1485.2361833972875,-1268.2361833972875,0.14610470874985035
2023-12-25,담하,2471.0,2217.244255965003,253.75574403499695,1.1144464545808714
2023-12-25,라그로타,644.0,416.25672513732326,227.74327486267674,1.547122151089677
2023-12-25,미라시아,2758.0,1360.5820722575309,1397.4179277424691,2.027073600509684
2023-12-25,연회장,273.0,750.014367900509,-477.014367900509,0.3639930269125378
2023-12-25,카페테리아,10241.0,3017.15118241202,7223.84881758798,3.3942614674724303
2023-12-25,포레스트릿,14875.0,3125.9366922156823,11749.063307784318,4.758573657950991
2023-12-25,화담숲주막,0.0,1747.0808219609657,-1747.0808219609657,0.0
2023-12-25,화담숲카페,0.0,809.8287609774985,-809.8287609774985,0.0
2023-12-26,느티나무 셀프BBQ,70.0,1169.8767047461324,-1099.8767047461324,0.05983536531329621
2023-12-26,담하,2030.0,1646.2650274806433,383.7349725193567,1.233094286833393
2023-12-26,라그로타,588.0,383.29176768991664,204.70823231008336,1.5340793869480978
2023-12-26,미라시아,2128.0,1130.9193912091423,997.0806087908577,1.8816548876439474
2023-12-26,연회장,287.0,954.1695701884438,-667.1695701884438,0.30078511091411025
2023-12-26,카페테리아,9212.0,2854.7979003658024,6357.202099634198,3.2268483869977667
2023-12-26,포레스트릿,11970.0,3415.7447953929436,8554.255204607056,3.504360166527893
2023-12-26,화담숲주막,0.0,1939.928861514498,-1939.928861514498,0.0
2023-12-26,화담숲카페,0.0,974.62370954806,-974.62370954806,0.0
2023-12-27,느티나무 셀프BBQ,672.0,1156.950184877689,-484.950184877689,0.5808374541822151
2023-12-27,담하,2366.0,1602.5993669003049,763.4006330996951,1.4763515129649898
2023-12-27,라그로타,392.0,408.9696900732999,-16.969690073299887,0.9585062402295427
2023-12-27,미라시아,1582.0,1180.2553240435245,401.7446759564755,1.3403879379083066
2023-12-27,연회장,350.0,863.4565996774628,-513.4565996774628,0.40534753006779917
2023-12-27,카페테리아,8834.0,2762.3425992349994,6071.657400765001,3.198010269416429
2023-12-27,포레스트릿,14056.0,2998.5014993064037,11057.498500693597,4.687674827993701
2023-12-27,화담숲주막,0.0,1995.0814477325212,-1995.0814477325212,0.0
2023-12-27,화담숲카페,0.0,994.2620146530919,-994.2620146530919,0.0
2023-12-28,느티나무 셀프BBQ,273.0,1708.3875905676514,-1435.3875905676514,0.15979980275394615
2023-12-28,담하,1757.0,1737.9620949960884,19.037905003911646,1.010954154327488
2023-12-28,라그로타,434.0,418.158295737114,15.841704262886026,1.0378844672564989
2023-12-28,미라시아,1841.0,1067.0426715595977,773.9573284404023,1.7253293135026928
2023-12-28,연회장,210.0,962.3227382722937,-752.3227382722937,0.21822200769881375
2023-12-28,카페테리아,9331.0,2889.1265000930775,6441.873499906922,3.2296958958700452
2023-12-28,포레스트릿,15372.0,2111.20405345786,13260.79594654214,7.281153129098437
2023-12-28,화담숲주막,0.0,2561.555907268675,-2561.555907268675,0.0
2023-12-28,화담숲카페,0.0,1271.1127523398648,-1271.1127523398648,0.0
2023-12-29,느티나무 셀프BBQ,91.0,1361.1531911858476,-1270.1531911858476,0.0668550759674009
2023-12-29,담하,2163.0,2343.607926130749,-180.6079261307491,0.9229359467012346
2023-12-29,라그로타,574.0,518.9196279253379,55.08037207466214,1.1061443219923588
2023-12-29,미라시아,2205.0,1760.2479433648823,444.7520566351177,1.252664437593338
2023-12-29,연회장,378.0,736.8416748806651,-358.8416748806651,0.5130002996386148
2023-12-29,카페테리아,10185.0,3944.68468771402,6240.31531228598,2.58195541755767
2023-12-29,포레스트릿,20321.0,5140.716780722086,15180.283219277913,3.9529507006113707
2023-12-29,화담숲주막,0.0,3472.743914894437,-3472.743914894437,0.0
2023-12-29,화담숲카페,0.0,1781.5836856191868,-1781.5836856191868,0.0
2023-12-30,느티나무 셀프BBQ,140.0,981.5936000595068,-841.5936000595068,0.14262521678168322
2023-12-30,담하,2373.0,2760.645242158193,-387.645242158193,0.8595816527823245
2023-12-30,라그로타,616.0,698.4425023008647,-82.4425023008647,0.8819623633595091
2023-12-30,미라시아,3010.0,2111.262494942158,898.7375050578421,1.4256872403175356
2023-12-30,연회장,546.0,838.0008096557523,-292.0008096557523,0.6515506831363264
2023-12-30,카페테리아,12810.0,6699.536713693007,6110.463286306993,1.9120725129870513
2023-12-30,포레스트릿,17612.0,11323.91230001728,6288.08769998272,1.5552928646377033
2023-12-30,화담숲주막,0.0,4382.013298002494,-4382.013298002494,0.0
2023-12-30,화담숲카페,0.0,2238.798717188246,-2238.798717188246,0.0
2023-12-31,느티나무 셀프BBQ,112.0,939.2879821559536,-827.2879821559536,0.11923925582751063
2023-12-31,담하,2555.0,2837.6469416971263,-282.6469416971263,0.9003939011778251
2023-12-31,라그로타,504.0,725.2604802902254,-221.26048029022536,0.6949227397559505
2023-12-31,미라시아,2695.0,2348.9137228631,346.0862771369002,1.1473388629681358
2023-12-31,연회장,448.0,859.0840637586961,-411.08406375869606,0.5214856367372175
2023-12-31,카페테리아,11613.0,6618.812037621172,4994.187962378828,1.7545444611498229
2023-12-31,포레스트릿,20160.0,12236.980224037645,7923.019775962355,1.6474652758201582
2023-12-31,화담숲주막,0.0,4970.944289544099,-4970.944289544099,0.0
2023-12-31,화담숲카페,0.0,2392.7146972051296,-2392.7146972051296,0.0
2024-01-01,느티나무 셀프BBQ,56.0,1410.8128959874816,-1354.8128959874816,0.03969342792319989
2024-01-01,담하,2499.0,2576.5701551193397,-77.57015511933969,0.9698940256040702
2024-01-01,라그로타,392.0,583.1997401601591,-191.19974016015908,0.6721539345891142
2024-01-01,미라시아,2590.0,2021.0378135945298,568.9621864054702,1.2815198125331158
2024-01-01,연회장,287.0,832.4944263551341,-545.4944263551341,0.3447470528500194
2024-01-01,카페테리아,10241.0,5709.0801090298055,4531.9198909701945,1.7938091258874178
2024-01-01,포레스트릿,16387.0,8058.525265709935,8328.474734290065,2.03349861912437
2024-01-01,화담숲주막,0.0,5284.763238749303,-5284.763238749303,0.0
2024-01-01,화담숲카페,0.0,2539.5275106638073,-2539.5275106638073,0.0
2024-01-02,느티나무 셀프BBQ,84.0,1375.4286203074205,-1291.4286203074205,0.06107187153138144
2024-01-02,담하,1659.0,1786.3888599949928,-127.3888599949928,0.9286891768932382
2024-01-02,라그로타,392.0,467.59045170081527,-75.59045170081527,0.8383404720394476
2024-01-02,미라시아,1876.0,1208.27194272932,667.72805727068,1.5526306071151286
2024-01-02,연회장,350.0,874.5301758747435,-524.5301758747435,0.4002148921275525
2024-01-02,카페테리아,7581.0,4870.899242882482,2710.100757117518,1.5563861254320968
2024-01-02,포레스트릿,11711.0,6903.650479510178,4807.349520489822,1.6963489149339015
2024-01-02,화담숲주막,0.0,4727.106897430727,-4727.106897430727,0.0
2024-01-02,화담숲카페,0.0,2338.139389977384,-2338.139389977384,0.0
2024-01-03,느티나무 셀프BBQ,133.0,1149.1634695660998,-1016.1634695660998,0.11573636259967264
2024-01-03,담하,1232.0,1720.7168625619229,-488.7168625619229,0.7159806629463216
2024-01-03,라그로타,238.0,440.56600096123384,-202.56600096123384,0.5402141778546866
2024-01-03,미라시아,1400.0,1361.2111567787763,38.788843221223715,1.0284958311045695
2024-01-03,연회장,280.0,852.0908300070791,-572.0908300070791,0.3286034658977304
2024-01-03,카페테리아,7119.0,5092.267129275101,2026.732870724899,1.3980020724115882
2024-01-03,포레스트릿,8813.0,7942.260306121865,870.7396938781349,1.1096337390512083
2024-01-03,화담숲주막,0.0,3540.9761157108046,-3540.9761157108046,0.0
2024-01-03,화담숲카페,0.0,1699.5026484333182,-1699.5026484333182,0.0
2024-01-04,느티나무 셀프BBQ,364.0,1904.5286237917605,-1540.5286237917605,0.19112340736329067
2024-01-04,담하,1379.0,1924.861582845357,-545.8615828453569,0.716415150206044
2024-01-04,라그로타,490.0,475.68248947437917,14.317510525620833,1.0300988807501437
2024-01-04,미라시아,1568.0,1334.6964687759785,233.30353122402153,1.1747989424426808
2024-01-04,연회장,392.0,919.6963255707107,-527.6963255707107,0.42622764612737507
2024-01-04,카페테리아,7847.0,5089.66527259867,2757.3347274013304,1.5417516830126428
2024-01-04,포레스트릿,10388.0,7684.740511815981,2703.2594881840187,1.3517697811692553
2024-01-04,화담숲주막,0.0,3772.9210979845493,-3772.9210979845493,0.0
2024-01-04,화담숲카페,0.0,1840.8542558949316,-1840.8542558949316,0.0
2024-01-05,느티나무 셀프BBQ,147.0,1416.9239136361653,-1269.9239136361653,0.10374586707536249
2024-01-05,담하,1267.0,2123.7131512097735,-856.7131512097735,0.5965965786284524
2024-01-05,라그로타,350.0,501.7725186409674,-151.7725186409674,0.6975272399292856
2024-01-05,미라시아,1806.0,1735.42896333035,70.57103666965008,1.0406648950552386
2024-01-05,연회장,1589.0,887.8745331545623,701.1254668454377,1.7896672791755643
2024-01-05,카페테리아,8050.0,6315.163816822911,1734.836183177089,1.2747096090454018
2024-01-05,포레스트릿,15897.0,13626.58574923015,2270.4142507698507,1.1666165166060118
2024-01-05,화담숲주막,0.0,4229.945896353517,-4229.945896353517,0.0
2024-01-05,화담숲카페,0.0,2103.4031776667225,-2103.4031776667225,0.0
2024-01-06,느티나무 셀프BBQ,98.0,1091.2574795428086,-993.2574795428086,0.08980465365612698
2024-01-06,담하,2331.0,2487.464796336677,-156.46479633667695,0.9370986891685443
2024-01-06,라그로타,357.0,673.0337722012287,-316.03377220122866,0.5304340060564768
2024-01-06,미라시아,1477.0,2034.5133700251545,-557.5133700251545,0.725972127664975
2024-01-06,연회장,497.0,890.5233518959765,-393.5233518959765,0.5580987842057795
2024-01-06,카페테리아,14231.0,9755.904045342679,4475.095954657321,1.4587064339561298
2024-01-06,포레스트릿,30142.0,15898.613533760583,14243.386466239417,1.8958885902845362
2024-01-06,화담숲주막,0.0,4545.606900504726,-4545.606900504726,0.0
2024-01-06,화담숲카페,0.0,2333.1666690955963,-2333.1666690955963,0.0
2024-01-07,느티나무 셀프BBQ,882.0,919.578701057464,-37.578701057463945,0.9591348722907017
2024-01-07,담하,1792.0,2188.852775621265,-396.8527756212652,0.8186937102205853
2024-01-07,라그로타,455.0,544.1941075707973,-89.19410757079731,0.8360987259326517
2024-01-07,미라시아,1785.0,2007.1194469994675,-222.11944699946753,0.8893342160918605
2024-01-07,연회장,406.0,796.1988559435179,-390.19885594351786,0.5099228628241103
2024-01-07,카페테리아,11760.0,9479.232923198371,2280.7670768016287,1.2406067131465823
2024-01-07,포레스트릿,15673.0,17201.662710728586,-1528.6627107285858,0.9111328517228066
2024-01-07,화담숲주막,0.0,4764.669152719033,-4764.669152719033,0.0
2024-01-07,화담숲카페,0.0,2186.2624420665948,-2186.2624420665948,0.0
2024-01-08,느티나무 셀프BBQ,567.0,1629.8157779054861,-1062.8157779054861,0.3478920793911228
2024-01-08,담하,1001.0,1988.4714624300352,-987.4714624300352,0.5034017429532109
2024-01-08,라그로타,294.0,419.2787655000172,-125.27876550001719,0.7012041252539606
2024-01-08,미라시아,1386.0,1995.2847852530115,-609.2847852530115,0.6946376829231666
2024-01-08,연회장,476.0,784.7681580417982,-308.7681580417982,0.6065485648497061
2024-01-08,카페테리아,8274.0,6873.860911016531,1400.1390889834693,1.2036903433323052
2024-01-08,포레스트릿,11263.0,10610.619874313266,652.3801256867337,1.0614836959022582
2024-01-08,화담숲주막,0.0,4251.799063334108,-4251.799063334108,0.0
2024-01-08,화담숲카페,0.0,2108.1166467176727,-2108.1166467176727,0.0
2024-01-09,느티나무 셀프BBQ,175.0,1394.3084438881667,-1219.3084438881667,0.12551024901778204
2024-01-09,담하,1729.0,1785.0300349881334,-56.030034988133366,0.968611152815417
2024-01-09,라그로타,357.0,408.14215600192216,-51.14215600192216,0.8746952373092249
2024-01-09,미라시아,1288.0,1238.6862769185532,49.313723081446824,1.0398113097725787
2024-01-09,연회장,322.0,833.9906853244742,-511.99068532447416,0.38609543927306816
2024-01-09,카페테리아,7672.0,5865.785331706529,1806.2146682934708,1.307923758909191
2024-01-09,포레스트릿,9548.0,9330.366194058133,217.63380594186674,1.0233253230811523
2024-01-09,화담숲주막,0.0,4124.486065401424,-4124.486065401424,0.0
2024-01-09,화담숲카페,0.0,2041.8011771316237,-2041.8011771316237,0.0
2024-01-10,느티나무 셀프BBQ,91.0,1161.7889777609794,-1070.7889777609794,0.07832747748681249
2024-01-10,담하,1288.0,1647.7215753780777,-359.72157537807766,0.7816854614557451
2024-01-10,라그로타,399.0,380.41587204894006,18.58412795105994,1.048852136087185
2024-01-10,미라시아,1400.0,1141.824227582484,258.1757724175161,1.2261081576138353
2024-01-10,연회장,238.0,834.6441553777729,-596.6441553777729,0.28515146061530555
2024-01-10,카페테리아,7749.0,5692.274730392724,2056.7252696072755,1.3613186936719368
2024-01-10,포레스트릿,11291.0,9461.445555986249,1829.554444013751,1.193369441613094
2024-01-10,화담숲주막,0.0,3317.32691931775,-3317.32691931775,0.0
2024-01-10,화담숲카페,0.0,1612.454799305799,-1612.454799305799,0.0
2024-01-11,느티나무 셀프BBQ,924.0,1605.33165006121,-681.33165006121,0.5755819988752907
2024-01-11,담하,1393.0,1843.8370683403634,-450.83706834036343,0.7554897468537383
2024-01-11,라그로타,322.0,430.01274328349217,-108.01274328349217,0.7488150177626639
2024-01-11,미라시아,1400.0,1154.908811658132,245.09118834186802,1.2122169177928293
2024-01-11,연회장,3367.0,820.2602688856681,2546.739731114332,4.104794694705991
2024-01-11,카페테리아,7581.0,5751.962843095472,1829.0371569045283,1.3179848699996495
2024-01-11,포레스트릿,12810.0,8852.279246283086,3957.7207537169143,1.4470849420366727
2024-01-11,화담숲주막,0.0,3526.1441627445943,-3526.1441627445943,0.0
2024-01-11,화담숲카페,0.0,1747.6387552251572,-1747.6387552251572,0.0
2024-01-12,느티나무 셀프BBQ,140.0,1496.860895527512,-1356.860895527512,0.09352906500417482
2024-01-12,담하,2478.0,2378.6953285465465,99.30467145345347,1.0417475370896414
2024-01-12,라그로타,441.0,477.93579230323,-36.935792303230016,0.9227180870358506
2024-01-12,미라시아,1246.0,1568.6982691742533,-322.69826917425326,0.7942891405470102
2024-01-12,연회장,378.0,984.17720567977,-606.17720567977,0.3840771741293437
2024-01-12,카페테리아,9030.0,7312.069866533567,1717.9301334664333,1.234944436366669
2024-01-12,포레스트릿,22407.0,13589.084682345056,8817.915317654944,1.6488969289529252
2024-01-12,화담숲주막,0.0,4317.3424353680675,-4317.3424353680675,0.0
2024-01-12,화담숲카페,0.0,2138.464854530983,-2138.464854530983,0.0
2024-01-13,느티나무 셀프BBQ,140.0,1130.8838042959785,-990.8838042959785,0.12379698026284472
2024-01-13,담하,3472.0,2988.4632644580674,483.53673554193256,1.1618011307994505
2024-01-13,라그로타,532.0,745.0070884390585,-213.00708843905852,0.7140871654183161
2024-01-13,미라시아,1631.0,1895.4851057093797,-264.4851057093797,0.8604657430898689
2024-01-13,연회장,378.0,1007.1229151110667,-629.1229151110667,0.37532658062726504
2024-01-13,카페테리아,18837.0,13986.250926177334,4850.749073822666,1.3468226831783614
2024-01-13,포레스트릿,38892.0,22774.792352049888,16117.207647950112,1.7076774795050744
2024-01-13,화담숲주막,0.0,4725.319165091727,-4725.319165091727,0.0
2024-01-13,화담숲카페,0.0,2395.7737134696113,-2395.7737134696113,0.0
2024-01-14,느티나무 셀프BBQ,203.0,1354.308660114216,-1151.308660114216,0.14989197512986435
2024-01-14,담하,1673.0,2355.455454240023,-682.4554542400228,0.7102660324093397
2024-01-14,라그로타,539.0,588.221117430702,-49.22111743070195,0.9163220836992465
2024-01-14,미라시아,1204.0,1827.0250638586062,-623.0250638586062,0.6589947909401958
2024-01-14,연회장,280.0,898.7661480158647,-618.7661480158647,0.3115382133807932
2024-01-14,카페테리아,10612.0,11295.147243571426,-683.1472435714259,0.9395185180998649
2024-01-14,포레스트릿,13216.0,17709.737177798186,-4493.737177798186,0.74625613397404
2024-01-14,화담숲주막,0.0,4880.203736447047,-4880.203736447047,0.0
2024-01-14,화담숲카페,0.0,2222.8191710813035,-2222.8191710813035,0.0
2024-01-15,느티나무 셀프BBQ,140.0,1472.7256654193293,-1332.7256654193293,0.09506183214382821
2024-01-15,담하,1568.0,1888.766754500083,-320.7667545000829,0.8301713254239361
2024-01-15,라그로타,350.0,419.826577490864,-69.826577490864,0.8336775677514521
2024-01-15,미라시아,1925.0,1845.4518035467627,79.54819645323732,1.0431049980825042
2024-01-15,연회장,280.0,823.7602969186707,-543.7602969186707,0.3399047041322073
2024-01-15,카페테리아,8225.0,7652.860277693948,572.1397223060521,1.0747615533990196
2024-01-15,포레스트릿,12698.0,11025.13850354181,1672.8614964581902,1.1517315629115032
2024-01-15,화담숲주막,0.0,4153.1267121969195,-4153.1267121969195,0.0
2024-01-15,화담숲카페,0.0,2072.741005859638,-2072.741005859638,0.0
2024-01-16,느티나무 셀프BBQ,560.0,1303.3898909362536,-743.3898909362536,0.4296488747490129
2024-01-16,담하,1505.0,1938.081000236707,-433.08100023670704,0.7765413312530215
2024-01-16,라그로타,224.0,415.0591536201393,-191.05915362013928,0.5396821104805799
2024-01-16,미라시아,2520.0,1117.25731624771,1402.74268375229,2.255523381545961
2024-01-16,연회장,357.0,786.8031109907304,-429.8031109907304,0.45373486074612884
2024-01-16,카페테리아,7238.0,6977.746632824935,260.25336717506525,1.037297623555257
2024-01-16,포레스트릿,12180.0,10069.412259459314,2110.5877405406864,1.2096038662592226
2024-01-16,화담숲주막,0.0,4042.940934596982,-4042.940934596982,0.0
2024-01-16,화담숲카페,0.0,2073.31274409041,-2073.31274409041,0.0
2024-01-17,느티나무 셀프BBQ,679.0,1216.5016213991416,-537.5016213991416,0.5581579079352628
2024-01-17,담하,2506.0,1738.6057822250184,767.3942177749816,1.4413848300866066
2024-01-17,라그로타,287.0,400.90279109189504,-113.90279109189504,0.7158842651564723
2024-01-17,미라시아,1498.0,1160.1367614799508,337.8632385200492,1.2912270774775272
2024-01-17,연회장,693.0,862.6677097249162,-169.66770972491622,0.8033220580621719
2024-01-17,카페테리아,7679.0,7454.103513467133,224.89648653286713,1.0301708295473162
2024-01-17,포레스트릿,9485.0,10976.74191115553,-1491.74191115553,0.8640997553527708
2024-01-17,화담숲주막,0.0,3246.317137940596,-3246.317137940596,0.0
2024-01-17,화담숲카페,0.0,1670.6909270571782,-1670.6909270571782,0.0
2024-01-18,느티나무 셀프BBQ,1232.0,1349.947453077004,-117.94745307700396,0.912628115406892
2024-01-18,담하,1995.0,1807.54326841431,187.45673158569002,1.1037080189787871
2024-01-18,라그로타,434.0,437.12997443224856,-3.1299744322485594,0.9928397167540071
2024-01-18,미라시아,2667.0,1142.9427920201829,1524.0572079798171,2.333450124206133
2024-01-18,연회장,861.0,1113.2395084426105,-252.2395084426105,0.7734184723685507
2024-01-18,카페테리아,7070.0,7284.534050127082,-214.53405012708208,0.970549379184611
2024-01-18,포레스트릿,14553.0,11082.818637003596,3470.1813629964035,1.3131136109554364
2024-01-18,화담숲주막,0.0,3425.172608568659,-3425.172608568659,0.0
2024-01-18,화담숲카페,0.0,1766.7060648714837,-1766.7060648714837,0.0
2024-01-19,느티나무 셀프BBQ,217.0,1288.1423244742714,-1071.1423244742714,0.16845964601664964
2024-01-19,담하,2114.0,2384.29271501637,-270.29271501637004,0.8866361024743079
2024-01-19,라그로타,399.0,481.1836989665696,-82.18369896656958,0.829205147341703
2024-01-19,미라시아,1323.0,1735.8438476369631,-412.8438476369631,0.7621653305975793
2024-01-19,연회장,1050.0,1268.4525075367897,-218.45250753678965,0.8277803021880551
2024-01-19,카페테리아,8918.0,8790.846768227284,127.15323177271603,1.0144642757546731
2024-01-19,포레스트릿,25501.0,18979.773717681797,6521.226282318203,1.3435881996971832
2024-01-19,화담숲주막,0.0,4323.360760035824,-4323.360760035824,0.0
2024-01-19,화담숲카페,0.0,2254.620337779162,-2254.620337779162,0.0
2024-01-20,느티나무 셀프BBQ,105.0,1020.6679554850092,-915.6679554850092,0.10287380870119045
2024-01-20,담하,2296.0,3182.1450465458956,-886.1450465458956,0.7215258784297799
2024-01-20,라그로타,658.0,712.7046218772581,-54.70462187725809,0.9232436268854739
2024-01-20,미라시아,1246.0,1802.2855505276439,-556.2855505276439,0.6913443874835574
2024-01-20,연회장,637.0,1000.8176705939035,-363.8176705939035,0.6364795693725037
2024-01-20,카페테리아,13874.0,16037.736501798767,-2163.7365017987668,0.8650846706730663
2024-01-20,포레스트릿,31122.0,25109.11633177401,6012.88366822599,1.239470142587896
2024-01-20,화담숲주막,0.0,4748.6492281878245,-4748.6492281878245,0.0
2024-01-20,화담숲카페,0.0,2535.4600471408016,-2535.4600471408016,0.0
2024-01-21,느티나무 셀프BBQ,105.0,1126.2593544877482,-1021.2593544877482,0.09322897038023423
2024-01-21,담하,1799.0,2276.8733389322424,-477.8733389322424,0.7901186110087508
2024-01-21,라그로타,343.0,550.5124857959604,-207.5124857959604,0.6230558049997218
2024-01-21,미라시아,1162.0,1636.4432665098477,-474.4432665098477,0.7100765567499785
2024-01-21,연회장,406.0,838.1522639447413,-432.1522639447413,0.48439885861450976
2024-01-21,카페테리아,12131.0,12013.391785582107,117.60821441789267,1.0097897593383278
2024-01-21,포레스트릿,22057.0,17358.362164709728,4698.637835290272,1.2706843992944679
2024-01-21,화담숲주막,0.0,4822.923050571879,-4822.923050571879,0.0
2024-01-21,화담숲카페,0.0,2355.525996349372,-2355.525996349372,0.0
2024-01-22,느티나무 셀프BBQ,42.0,1155.4580994688863,-1113.4580994688863,0.03634921943020311
2024-01-22,담하,2240.0,1906.8575061226554,333.1424938773446,1.1747075976089825
2024-01-22,라그로타,231.0,424.2744911580648,-193.2744911580648,0.544458846369673
2024-01-22,미라시아,1967.0,1976.3638522808164,-9.363852280816445,0.9952620807803128
2024-01-22,연회장,168.0,791.4339896232403,-623.4339896232403,0.2122729149906436
2024-01-22,카페테리아,8218.0,8119.060056876317,98.9399431236834,1.0121861326841508
2024-01-22,포레스트릿,8288.0,11244.014349126906,-2956.0143491269064,0.7371032927082275
2024-01-22,화담숲주막,0.0,4271.543776320776,-4271.543776320776,0.0
2024-01-22,화담숲카페,0.0,2234.499917373654,-2234.499917373654,0.0
2024-01-23,느티나무 셀프BBQ,56.0,1011.963790728615,-955.963790728615,0.055337948366393566
2024-01-23,담하,1568.0,1823.1386130312055,-255.13861303120552,0.8600552853153582
2024-01-23,라그로타,525.0,409.59282232722245,115.40717767277755,1.281760742332001
2024-01-23,미라시아,1491.0,1349.649487330164,141.350512669836,1.1047312757843901
2024-01-23,연회장,343.0,732.0538720155038,-389.05387201550377,0.468544752117281
2024-01-23,카페테리아,7210.0,7297.690550444617,-87.69055044461675,0.9879837943472028
2024-01-23,포레스트릿,6132.0,10376.809181264027,-4244.809181264027,0.5909330983046028
2024-01-23,화담숲주막,0.0,4177.224631843069,-4177.224631843069,0.0
2024-01-23,화담숲카페,0.0,2195.4549211612593,-2195.4549211612593,0.0
2024-01-24,느티나무 셀프BBQ,434.0,995.4477528824525,-561.4477528824525,0.4359847101400297
2024-01-24,담하,1344.0,1861.1169597990706,-517.1169597990706,0.7221469843276805
2024-01-24,라그로타,287.0,397.03736110033225,-110.03736110033225,0.7228538876155648
2024-01-24,미라시아,1029.0,1111.545585638522,-82.54558563852197,0.925738011373502
2024-01-24,연회장,140.0,887.5441052473351,-747.5441052473351,0.15773863988537865
2024-01-24,카페테리아,7651.0,7375.707849984883,275.29215001511693,1.037324166793792
2024-01-24,포레스트릿,7119.0,10181.280946990557,-3062.280946990557,0.6992243939702181
2024-01-24,화담숲주막,0.0,3423.228868567333,-3423.228868567333,0.0
2024-01-24,화담숲카페,0.0,1779.3027510112304,-1779.3027510112304,0.0
2024-01-25,느티나무 셀프BBQ,378.0,989.9804854514564,-611.9804854514564,0.38182570823870565
2024-01-25,담하,2030.0,1869.9488131921175,160.05118680788246,1.085591212806871
2024-01-25,라그로타,399.0,442.6845203075723,-43.68452030757231,0.9013190696678962
2024-01-25,미라시아,2163.0,1468.3238453555539,694.6761546444461,1.4731082702509886
2024-01-25,연회장,280.0,1114.74216328829,-834.7421632882899,0.251179159828359
2024-01-25,카페테리아,7105.0,7313.246889759361,-208.24688975936078,0.9715247012854213
2024-01-25,포레스트릿,10325.0,11701.110035812135,-1376.1100358121348,0.882394915388331
2024-01-25,화담숲주막,0.0,3607.1299094702754,-3607.1299094702754,0.0
2024-01-25,화담숲카페,0.0,1876.0033140797336,-1876.0033140797336,0.0
2024-01-26,느티나무 셀프BBQ,154.0,829.208982806012,-675.208982806012,0.18571916512393508
2024-01-26,담하,2639.0,2691.340762085399,-52.34076208539909,0.9805521609070259
2024-01-26,라그로타,336.0,520.0204446061483,-184.02044460614832,0.6461284426124415
2024-01-26,미라시아,1400.0,1620.6796494973387,-220.6796494973387,0.8638351203053709
2024-01-26,연회장,329.0,1131.7267363160456,-802.7267363160456,0.29070621859738727
2024-01-26,카페테리아,7735.0,8451.49576586437,-716.4957658643707,0.91522260843361
2024-01-26,포레스트릿,21371.0,20121.3380104541,1249.6619895459007,1.0621063066927574
2024-01-26,화담숲주막,0.0,4431.733408907992,-4431.733408907992,0.0
2024-01-26,화담숲카페,0.0,2305.272946127121,-2305.272946127121,0.0
2024-01-27,느티나무 셀프BBQ,105.0,814.1213687328848,-709.1213687328848,0.12897339884767323
2024-01-27,담하,2737.0,3226.726281356685,-489.7262813566849,0.848228130106289
2024-01-27,라그로타,546.0,757.9252323606663,-211.9252323606663,0.7203876803248852
2024-01-27,미라시아,1022.0,1845.7889713089062,-823.7889713089062,0.5536927654710538
2024-01-27,연회장,469.0,967.8282998668808,-498.8282998668808,0.4845900869653308
2024-01-27,카페테리아,14133.0,13775.214675505607,357.7853244943926,1.025973121502824
2024-01-27,포레스트릿,37275.0,22245.748297618087,15029.251702381913,1.6756010857135848
2024-01-27,화담숲주막,0.0,4733.938834055157,-4733.938834055157,0.0
2024-01-27,화담숲카페,0.0,2467.8908211522585,-2467.8908211522585,0.0
2024-01-28,느티나무 셀프BBQ,140.0,957.0794586193306,-817.0794586193306,0.14627834579373591
2024-01-28,담하,2800.0,2483.880190092344,316.11980990765596,1.1272685418437607
2024-01-28,라그로타,455.0,577.819857241668,-122.81985724166805,0.7874426506766802
2024-01-28,미라시아,1435.0,1658.3741396516202,-223.37413965162023,0.8653053407486533
2024-01-28,연회장,364.0,817.830077023386,-453.830077023386,0.44508023148871223
2024-01-28,카페테리아,12012.0,11858.994918259852,153.00508174014794,1.0129020277683531
2024-01-28,포레스트릿,22323.0,19481.305851224937,2841.694148775063,1.145867744722892
2024-01-28,화담숲주막,0.0,4883.064591256837,-4883.064591256837,0.0
2024-01-28,화담숲카페,0.0,2359.517636638811,-2359.517636638811,0.0
2024-01-29,느티나무 셀프BBQ,245.0,963.4144062710365,-718.4144062710365,0.2543038576185401
2024-01-29,담하,1421.0,2079.582807625045,-658.582807625045,0.6833101306616546
2024-01-29,라그로타,112.0,466.3601900688048,-354.3601900688048,0.24015772011645334
2024-01-29,미라시아,2107.0,1920.9748490295744,186.02515097042556,1.096838931058572
2024-01-29,연회장,196.0,817.7924190538535,-621.7924190538535,0.2396696220622375
2024-01-29,카페테리아,8610.0,7293.071729743292,1316.928270256708,1.1805725103300282
2024-01-29,포레스트릿,12971.0,9440.842432387786,3530.157567612214,1.3739240002038
2024-01-29,화담숲주막,0.0,4386.233495112549,-4386.233495112549,0.0
2024-01-29,화담숲카페,0.0,2243.584818480544,-2243.584818480544,0.0
2024-01-30,느티나무 셀프BBQ,77.0,892.3310940021067,-815.3310940021067,0.08629084038151674
2024-01-30,담하,1967.0,1730.2973772452056,236.70262275479445,1.136798810347645
2024-01-30,라그로타,455.0,408.4331552459503,46.566844754049725,1.114013380539609
2024-01-30,미라시아,1386.0,1172.6234496283612,213.3765503716388,1.1819651060528118
2024-01-30,연회장,462.0,791.2535374701904,-329.2535374701904,0.583883645534293
2024-01-30,카페테리아,7084.0,6550.75563678531,533.2443632146897,1.0814019622744426
2024-01-30,포레스트릿,12537.0,7237.696106276443,5299.303893723557,1.732181044342006
2024-01-30,화담숲주막,0.0,4241.730489454983,-4241.730489454983,0.0
2024-01-30,화담숲카페,0.0,2149.171146422354,-2149.171146422354,0.0
2024-01-31,느티나무 셀프BBQ,49.0,802.1448699173802,-753.1448699173802,0.06108622249874506
2024-01-31,담하,903.0,1768.1239958632386,-865.1239958632386,0.5107107884473536
2024-01-31,라그로타,77.0,434.2074914602481,-357.2074914602481,0.17733457278926149
2024-01-31,미라시아,1085.0,1084.9178756554704,0.08212434452957496,1.000075696369626
2024-01-31,연회장,70.0,924.116488859474,-854.116488859474,0.0757480261892011
2024-01-31,카페테리아,6762.0,6807.792724940662,-45.79272494066208,0.9932734842568137
2024-01-31,포레스트릿,12712.0,7980.468382534058,4731.531617465942,1.5928889622345108
2024-01-31,화담숲주막,0.0,3514.3295812806464,-3514.3295812806464,0.0
2024-01-31,화담숲카페,0.0,1749.8416150721919,-1749.8416150721919,0.0
2024-02-01,느티나무 셀프BBQ,210.0,1053.8381480247979,-843.8381480247979,0.19927158681207513
2024-02-01,담하,1393.0,1875.5132014955525,-482.5132014955525,0.7427300425767241
2024-02-01,라그로타,133.0,473.7477869847709,-340.7477869847709,0.2807400976931116
2024-02-01,미라시아,994.0,1396.45340802338,-402.45340802338,0.7118031967904783
2024-02-01,연회장,525.0,938.192386927995,-413.192386927995,0.5595867194350758
2024-02-01,카페테리아,5894.0,6544.9713054440745,-650.9713054440745,0.9005387074955394
2024-02-01,포레스트릿,13300.0,10744.238758733785,2555.7612412662147,1.2378727147317612
2024-02-01,화담숲주막,0.0,3992.4024649811367,-3992.4024649811367,0.0
2024-02-01,화담숲카페,0.0,1943.8030611347278,-1943.8030611347278,0.0
2024-02-02,느티나무 셀프BBQ,147.0,743.6704150284916,-596.6704150284916,0.19766821031110687
2024-02-02,담하,1743.0,2180.408913884747,-437.4089138847471,0.7993913384322792
2024-02-02,라그로타,343.0,456.7558637533841,-113.75586375338412,0.7509482137380852
2024-02-02,미라시아,777.0,1407.0429000514632,-630.0429000514632,0.5522219684784173
2024-02-02,연회장,581.0,1027.9620032433425,-446.96200324334245,0.5651959879517685
2024-02-02,카페테리아,7630.0,8003.997083604437,-373.99708360443674,0.9532737106600725
2024-02-02,포레스트릿,20034.0,21911.84518532645,-1877.8451853264487,0.9142999975837739
2024-02-02,화담숲주막,0.0,4735.191986525805,-4735.191986525805,0.0
2024-02-02,화담숲카페,0.0,2308.506685828872,-2308.506685828872,0.0
2024-02-03,느티나무 셀프BBQ,252.0,756.9184467601084,-504.9184467601084,0.332928865822538
2024-02-03,담하,2254.0,3268.1851172610736,-1014.1851172610736,0.6896794150659927
2024-02-03,라그로타,238.0,764.8260678536409,-526.8260678536409,0.3111818621296578
2024-02-03,미라시아,1218.0,1638.085601278917,-420.085601278917,0.7435508858933014
2024-02-03,연회장,455.0,952.0468108517117,-497.0468108517117,0.4779176767505286
2024-02-03,카페테리아,11452.0,16218.653790241928,-4766.653790241928,0.706100527707804
2024-02-03,포레스트릿,31724.0,26840.402567027337,4883.597432972663,1.181949485324487
2024-02-03,화담숲주막,0.0,4718.130966144005,-4718.130966144005,0.0
2024-02-03,화담숲카페,0.0,2451.7726797288683,-2451.7726797288683,0.0
2024-02-04,느티나무 셀프BBQ,140.0,926.6439574622549,-786.6439574622549,0.1510828391774223
2024-02-04,담하,1652.0,2587.219779858856,-935.2197798588559,0.6385232568414129
2024-02-04,라그로타,336.0,609.5512308704224,-273.5512308704224,0.5512252013997269
2024-02-04,미라시아,1379.0,1613.4963507851078,-234.49635078510778,0.854665707380742
2024-02-04,연회장,287.0,828.5161397745007,-541.5161397745007,0.3464024250367814
2024-02-04,카페테리아,8617.0,13455.428751440166,-4838.428751440166,0.6404106594580052
2024-02-04,포레스트릿,22036.0,22738.060600556317,-702.0606005563168,0.9691239893810847
2024-02-04,화담숲주막,0.0,4874.014740745601,-4874.014740745601,0.0
2024-02-04,화담숲카페,0.0,2291.690659765423,-2291.690659765423,0.0
2024-02-05,느티나무 셀프BBQ,441.0,873.9416593073502,-432.94165930735016,0.5046103424678465
2024-02-05,담하,686.0,1766.4421749912028,-1080.4421749912028,0.388351234878898
2024-02-05,라그로타,98.0,412.47720496417946,-314.47720496417946,0.23758888690227273
2024-02-05,미라시아,1435.0,1569.5683621664243,-134.56836216642432,0.9142640961616454
2024-02-05,연회장,126.0,710.5465368708748,-584.5465368708748,0.1773282866944682
2024-02-05,카페테리아,3787.0,6889.035415981709,-3102.035415981709,0.5497141139984023
2024-02-05,포레스트릿,6671.0,10539.103676773759,-3868.1036767737587,0.6329760295177335
2024-02-05,화담숲주막,0.0,4062.50327402678,-4062.50327402678,0.0
2024-02-05,화담숲카페,0.0,2022.663663473433,-2022.663663473433,0.0
2024-02-06,느티나무 셀프BBQ,168.0,853.3991794546275,-685.3991794546275,0.19685980962316124
2024-02-06,담하,1036.0,1576.8178080413836,-540.8178080413836,0.6570194696664728
2024-02-06,라그로타,203.0,368.54294613586745,-165.54294613586745,0.5508177598525025
2024-02-06,미라시아,1204.0,1026.0673600740504,177.93263992594962,1.1734122406087535
2024-02-06,연회장,147.0,660.7579658114449,-513.7579658114449,0.22247177878434868
2024-02-06,카페테리아,5936.0,5680.104555556332,255.89544444366766,1.0450511855795592
2024-02-06,포레스트릿,9289.0,9861.042115208002,-572.0421152080016,0.9419896894745251
2024-02-06,화담숲주막,0.0,3919.3529152677534,-3919.3529152677534,0.0
2024-02-06,화담숲카페,0.0,1935.5055993240192,-1935.5055993240192,0.0
2024-02-07,느티나무 셀프BBQ,105.0,813.3369047902843,-708.3369047902843,0.1290977937698202
2024-02-07,담하,735.0,1569.979104405501,-834.979104405501,0.46815909710997083
2024-02-07,라그로타,308.0,375.8108148741589,-67.8108148741589,0.8195613000204225
2024-02-07,미라시아,511.0,1000.2291488319244,-489.22914883192436,0.5108829317729341
2024-02-07,연회장,63.0,797.2239090860629,-734.2239090860629,0.07902422303443353
2024-02-07,카페테리아,5215.0,6052.562648719545,-837.562648719545,0.8616185081707933
2024-02-07,포레스트릿,10969.0,10413.158470858683,555.8415291413166,1.0533787640605725
2024-02-07,화담숲주막,0.0,3210.1031911094506,-3210.1031911094506,0.0
2024-02-07,화담숲카페,0.0,1561.3838771026813,-1561.3838771026813,0.0
2024-02-08,느티나무 셀프BBQ,98.0,988.9815553850431,-890.9815553850431,0.099091837928004
2024-02-08,담하,1498.0,1885.4083738549919,-387.40837385499185,0.7945228316436937
2024-02-08,라그로타,427.0,455.9443412174237,-28.9443412174237,0.9365178189510172
2024-02-08,미라시아,1498.0,1393.5736246603276,104.4263753396724,1.0749342363343921
2024-02-08,연회장,294.0,827.6524457660087,-533.6524457660087,0.35522156855091175
2024-02-08,카페테리아,6678.0,6065.189436590442,612.8105634095582,1.1010373327686285
2024-02-08,포레스트릿,17738.0,11881.02373989678,5856.97626010322,1.4929689888957418
2024-02-08,화담숲주막,0.0,3521.832012731242,-3521.832012731242,0.0
2024-02-08,화담숲카페,0.0,1785.312546761803,-1785.312546761803,0.0
2024-02-09,느티나무 셀프BBQ,49.0,705.8711702274002,-656.8711702274002,0.06941776639526784
2024-02-09,담하,3451.0,2432.435125699655,1018.5648743003449,1.4187428735668208
2024-02-09,라그로타,623.0,608.9291883186411,14.070811681358919,1.023107467914637
2024-02-09,미라시아,1561.0,1455.679119443508,105.32088055649206,1.0723517148454773
2024-02-09,연회장,280.0,835.5715356070831,-555.5715356070831,0.33509997417105225
2024-02-09,카페테리아,7770.0,6493.70735350045,1276.2926464995498,1.1965429880069296
2024-02-09,포레스트릿,15974.0,19136.809957945683,-3162.809957945683,0.8347263747251421
2024-02-09,화담숲주막,0.0,4321.459773047057,-4321.459773047057,0.0
2024-02-09,화담숲카페,0.0,2132.8641171076365,-2132.8641171076365,0.0
2024-02-10,느티나무 셀프BBQ,70.0,834.1721699500285,-764.1721699500285,0.0839155302965734
2024-02-10,담하,3080.0,2983.164493294294,96.83550670570594,1.0324606661561497
2024-02-10,라그로타,609.0,703.1692968612143,-94.16929686121432,0.8660787703877795
2024-02-10,미라시아,2646.0,1601.2970503558417,1044.7029496441583,1.6524104627632976
2024-02-10,연회장,245.0,874.6366993390739,-629.6366993390739,0.2801163045012131
2024-02-10,카페테리아,7063.0,11080.183748327609,-4017.1837483276086,0.6374443024075351
2024-02-10,포레스트릿,14469.0,22449.86446036735,-7980.864460367349,0.6445027775353991
2024-02-10,화담숲주막,0.0,4492.928954178818,-4492.928954178818,0.0
2024-02-10,화담숲카페,0.0,2370.5550249313337,-2370.5550249313337,0.0
2024-02-11,느티나무 셀프BBQ,42.0,653.9900864554628,-611.9900864554628,0.06422115697140653
2024-02-11,담하,2548.0,2467.3767815082565,80.6232184917435,1.0326756817588516
2024-02-11,라그로타,637.0,593.4515395067771,43.54846049322293,1.0733816623500825
2024-02-11,미라시아,2177.0,1545.572245660299,631.4277543397011,1.4085397859030153
2024-02-11,연회장,196.0,775.0696076078494,-579.0696076078494,0.2528805130224733
2024-02-11,카페테리아,11760.0,8518.128681957027,3241.871318042973,1.380584919421311
2024-02-11,포레스트릿,27006.0,20030.899214940815,6975.100785059185,1.3482170575675674
2024-02-11,화담숲주막,0.0,4649.2204163839,-4649.2204163839,0.0
2024-02-11,화담숲카페,0.0,2209.606350834888,-2209.606350834888,0.0
2024-02-12,느티나무 셀프BBQ,182.0,741.5751790850965,-559.5751790850965,0.24542353241183026
2024-02-12,담하,2338.0,2295.1248386081184,42.87516139188165,1.0186809713661953
2024-02-12,라그로타,413.0,505.04991387512894,-92.04991387512894,0.8177409571880695
2024-02-12,미라시아,1799.0,1719.3450256963827,79.65497430361734,1.0463286734850412
2024-02-12,연회장,315.0,739.9774401524461,-424.9774401524461,0.4256886533393578
2024-02-12,카페테리아,9044.0,6329.638023882882,2714.3619761171176,1.4288336814641427
2024-02-12,포레스트릿,19509.0,7983.1506956453495,11525.849304354651,2.4437719822377613
2024-02-12,화담숲주막,0.0,4334.051586927308,-4334.051586927308,0.0
2024-02-12,화담숲카페,0.0,2170.2616812907418,-2170.2616812907418,0.0
2024-02-13,느티나무 셀프BBQ,161.0,944.1135882603579,-783.1135882603579,0.17053032813208602
2024-02-13,담하,1575.0,1898.7257895938103,-323.7257895938103,0.8295036643163392
2024-02-13,라그로타,224.0,414.8565709599686,-190.85657095996862,0.5399456479179517
2024-02-13,미라시아,1120.0,1037.757634078267,82.24236592173293,1.0792500707496895
2024-02-13,연회장,147.0,836.38641334723,-689.38641334723,0.17575608313829963
2024-02-13,카페테리아,4487.0,5899.635440039516,-1412.6354400395157,0.7605554691647093
2024-02-13,포레스트릿,10731.0,9813.899003612758,917.100996387242,1.0934491985346122
2024-02-13,화담숲주막,0.0,4051.30678289537,-4051.30678289537,0.0
2024-02-13,화담숲카페,0.0,2008.7171932190915,-2008.7171932190915,0.0
2024-02-14,느티나무 셀프BBQ,294.0,879.3195272177477,-585.3195272177477,0.33434944965937985
2024-02-14,담하,1414.0,1763.3754785321576,-349.37547853215756,0.8018711937499667
2024-02-14,라그로타,336.0,421.470786868255,-85.470786868255,0.7972082774624857
2024-02-14,미라시아,679.0,962.327843416248,-283.327843416248,0.7055807484376231
2024-02-14,연회장,182.0,853.265382332068,-671.265382332068,0.21329823495542968
2024-02-14,카페테리아,3423.0,5840.836081232312,-2417.8360812323117,0.5860462359145351
2024-02-14,포레스트릿,8316.0,10479.006765610438,-2163.0067656104384,0.7935866619812765
2024-02-14,화담숲주막,0.0,3196.5550464516746,-3196.5550464516746,0.0
2024-02-14,화담숲카페,0.0,1581.5391915121265,-1581.5391915121265,0.0
2024-02-15,느티나무 셀프BBQ,1078.0,949.9819198964249,128.01808010357513,1.1347584384737899
2024-02-15,담하,2569.0,1871.8387529684467,697.1612470315533,1.372447277269991
2024-02-15,라그로타,217.0,395.4579866729477,-178.4579866729477,0.5487308571655266
2024-02-15,미라시아,1519.0,1239.6552187547966,279.3447812452034,1.2253407052372178
2024-02-15,연회장,903.0,965.4707447736947,-62.47074477369472,0.9352950411891168
2024-02-15,카페테리아,1778.0,5277.007933052076,-3499.0079330520757,0.3369333574171176
2024-02-15,포레스트릿,3696.0,12643.683248014046,-8947.683248014046,0.2923198823871623
2024-02-15,화담숲주막,0.0,3298.135711997795,-3298.135711997795,0.0
2024-02-15,화담숲카페,0.0,1653.733571467374,-1653.733571467374,0.0
2024-02-16,느티나무 셀프BBQ,84.0,652.8945991605011,-568.8945991605011,0.1286578264056834
2024-02-16,담하,1330.0,2395.519163761747,-1065.5191637617472,0.5552032394979741
2024-02-16,라그로타,434.0,462.9728793751358,-28.97287937513579,0.9374199209805986
2024-02-16,미라시아,1638.0,1459.2510012568302,178.74899874316975,1.1224936618780565
2024-02-16,연회장,203.0,906.4143225919513,-703.4143225919513,0.22395939135152693
2024-02-16,카페테리아,6776.0,6615.391913258173,160.6080867418268,1.0242779398178883
2024-02-16,포레스트릿,15785.0,18109.2180208172,-2324.2180208171994,0.8716555282428304
2024-02-16,화담숲주막,0.0,4037.892661218109,-4037.892661218109,0.0
2024-02-16,화담숲카페,0.0,2041.0167994134201,-2041.0167994134201,0.0
2024-02-17,느티나무 셀프BBQ,133.0,753.1764367347354,-620.1764367347354,0.17658544998645764
2024-02-17,담하,2233.0,2975.8566000344526,-742.8566000344526,0.7503721785431958
2024-02-17,라그로타,574.0,656.5246629599593,-82.5246629599593,0.8743007420499718
2024-02-17,미라시아,1295.0,1617.0681098754305,-322.06810987543054,0.8008320689100469
2024-02-17,연회장,469.0,872.7578791240686,-403.7578791240686,0.5373769876139135
2024-02-17,카페테리아,9548.0,7833.9345469562695,1714.0654530437305,1.218800073292634
2024-02-17,포레스트릿,25872.0,18528.81255605238,7343.18744394762,1.3963118209401384
2024-02-17,화담숲주막,0.0,4334.426898670074,-4334.426898670074,0.0
2024-02-17,화담숲카페,0.0,2274.043103206239,-2274.043103206239,0.0
2024-02-18,느티나무 셀프BBQ,77.0,561.4196076646406,-484.4196076646406,0.13715231699922265
2024-02-18,담하,1750.0,2359.1676882946845,-609.1676882946845,0.7417870330637586
2024-02-18,라그로타,217.0,528.2216932782898,-311.22169327828976,0.4108123592070558
2024-02-18,미라시아,2205.0,1669.5266153192156,535.4733846807844,1.320733661726262
2024-02-18,연회장,364.0,780.0652676890406,-416.06526768904064,0.46662762088915644
2024-02-18,카페테리아,5754.0,8442.9016064003,-2688.901606400301,0.6815192534801154
2024-02-18,포레스트릿,10080.0,19595.626999101052,-9515.626999101052,0.5144004833559253
2024-02-18,화담숲주막,0.0,4412.213500962324,-4412.213500962324,0.0
2024-02-18,화담숲카페,0.0,2133.9014935852383,-2133.9014935852383,0.0
2024-02-19,느티나무 셀프BBQ,343.0,878.2811241191814,-535.2811241191814,0.39053554787937744
2024-02-19,담하,504.0,1947.8603866899077,-1443.8603866899077,0.258745443689869
2024-02-19,라그로타,0.0,393.15224360292916,-393.15224360292916,0.0
2024-02-19,미라시아,1687.0,1904.4236138195295,-217.42361381952946,0.8858323262525281
2024-02-19,연회장,476.0,752.1057800663615,-276.1057800663615,0.6328896979863664
2024-02-19,카페테리아,1729.0,6096.340869346451,-4367.340869346451,0.2836127501816274
2024-02-19,포레스트릿,2121.0,10747.373515542613,-8626.373515542613,0.19735054308223837
2024-02-19,화담숲주막,0.0,4110.4887863917975,-4110.4887863917975,0.0
2024-02-19,화담숲카페,0.0,2108.341001714728,-2108.341001714728,0.0
2024-02-20,느티나무 셀프BBQ,616.0,660.3262805207156,-44.32628052071561,0.9328721545267574
2024-02-20,담하,1610.0,1882.2156736739407,-272.2156736739407,0.8553748768106916
2024-02-20,라그로타,84.0,386.028868090785,-302.028868090785,0.2176003064626896
2024-02-20,미라시아,756.0,1158.4894525413833,-402.48945254138334,0.6525739171311051
2024-02-20,연회장,35.0,870.2492060763697,-835.2492060763697,0.04021836475761006
2024-02-20,카페테리아,2919.0,4521.324491507956,-1602.3244915079558,0.6456072784606647
2024-02-20,포레스트릿,3675.0,8062.897404551416,-4387.897404551416,0.45579148730399366
2024-02-20,화담숲주막,0.0,4185.561360576453,-4185.561360576453,0.0
2024-02-20,화담숲카페,0.0,2160.9097427983534,-2160.9097427983534,0.0
2024-02-21,느티나무 셀프BBQ,329.0,730.9327410228591,-401.9327410228591,0.4501098138518205
2024-02-21,담하,700.0,1563.7939134109706,-863.7939134109706,0.44762931611183315
2024-02-21,라그로타,161.0,367.77029051765174,-206.77029051765174,0.43777326268901684
2024-02-21,미라시아,504.0,1070.9164125154941,-566.9164125154941,0.4706249657862145
2024-02-21,연회장,203.0,782.5013559272642,-579.5013559272642,0.25942447059333845
2024-02-21,카페테리아,2072.0,4243.297684689168,-2171.297684689168,0.4882994675288211
2024-02-21,포레스트릿,1428.0,7404.871055151449,-5976.871055151449,0.1928460319382015
2024-02-21,화담숲주막,0.0,3250.6572047244626,-3250.6572047244626,0.0
2024-02-21,화담숲카페,0.0,1688.7565099203114,-1688.7565099203114,0.0
2024-02-22,느티나무 셀프BBQ,35.0,834.1169922750229,-799.1169922750229,0.04196054069650207
2024-02-22,담하,1064.0,1971.0828760170612,-907.0828760170612,0.5398048011811708
2024-02-22,라그로타,119.0,417.3770455296582,-298.3770455296582,0.2851139066571979
2024-02-22,미라시아,1022.0,1409.584806594198,-387.58480659419797,0.7250361916636501
2024-02-22,연회장,1092.0,771.234867089547,320.76513291045296,1.415911088305619
2024-02-22,카페테리아,7231.0,3609.663504303831,3621.336495696169,2.0032338170520383
2024-02-22,포레스트릿,8589.0,5940.919552384092,2648.0804476159083,1.445735786230809
2024-02-22,화담숲주막,0.0,3530.5853315095596,-3530.5853315095596,0.0
2024-02-22,화담숲카페,0.0,1848.925566068424,-1848.925566068424,0.0
2024-02-23,느티나무 셀프BBQ,315.0,658.5969892758226,-343.5969892758226,0.47828946249263365
2024-02-23,담하,2086.0,2269.932939211953,-183.932939211953,0.9189698796671022
2024-02-23,라그로타,259.0,478.7142546651699,-219.7142546651699,0.5410325626947415
2024-02-23,미라시아,1302.0,1809.5147267407901,-507.51472674079014,0.7195299274215353
2024-02-23,연회장,441.0,805.8840065798232,-364.8840065798232,0.5472251544879353
2024-02-23,카페테리아,6517.0,5255.090427918603,1261.9095720813966,1.2401308958219401
2024-02-23,포레스트릿,14021.0,12724.894403549684,1296.1055964503157,1.1018559019310021
2024-02-23,화담숲주막,0.0,4312.817820258866,-4312.817820258866,0.0
2024-02-23,화담숲카페,0.0,2278.3127366342014,-2278.3127366342014,0.0
2024-02-24,느티나무 셀프BBQ,49.0,814.4696014379177,-765.4696014379177,0.06016185246630716
2024-02-24,담하,3857.0,3178.3283070064767,678.6716929935233,1.2135310224237763
2024-02-24,라그로타,420.0,704.3954944629637,-284.3954944629637,0.5962559432896587
2024-02-24,미라시아,1540.0,1696.698021323019,-156.69802132301902,0.907645309092285
2024-02-24,연회장,315.0,904.6773300752182,-589.6773300752182,0.3481904426341818
2024-02-24,카페테리아,7189.0,6978.137241661648,210.86275833835225,1.0302176284351985
2024-02-24,포레스트릿,17430.0,16972.474061832356,457.5259381676442,1.0269569384228152
2024-02-24,화담숲주막,0.0,4562.573669718081,-4562.573669718081,0.0
2024-02-24,화담숲카페,0.0,2458.7414300783644,-2458.7414300783644,0.0
2024-02-25,느티나무 셀프BBQ,133.0,611.21258601204,-478.21258601204,0.2176002311532572
2024-02-25,담하,2296.0,2389.173888670217,-93.17388867021691,0.9610016294284565
2024-02-25,라그로타,434.0,579.754143828352,-145.75414382835197,0.7485931831967976
2024-02-25,미라시아,1946.0,1826.5669635271681,119.43303647283187,1.065386618097046
2024-02-25,연회장,392.0,813.4743520937084,-421.4743520937084,0.4818836623319176
2024-02-25,카페테리아,6440.0,6140.655428059269,299.34457194073093,1.0487479838997151
2024-02-25,포레스트릿,12110.0,12443.009220742746,-333.00922074274604,0.9732372439146302
2024-02-25,화담숲주막,0.0,4719.173601178322,-4719.173601178322,0.0
2024-02-25,화담숲카페,0.0,2389.182918366452,-2389.182918366452,0.0
2024-02-26,느티나무 셀프BBQ,56.0,889.72492194037,-833.72492194037,0.0629408018355511
2024-02-26,담하,910.0,1638.328842870678,-728.328842870678,0.5554440452903819
2024-02-26,라그로타,0.0,383.19402240651425,-383.19402240651425,0.0
2024-02-26,미라시아,1806.0,1918.2850418886737,-112.28504188867373,0.9414659242830138
2024-02-26,연회장,126.0,682.6817816181283,-556.6817816181283,0.18456622601140485
2024-02-26,카페테리아,3983.0,3369.5533847092875,613.4466152907125,1.18205576385122
2024-02-26,포레스트릿,6342.0,4985.070900484117,1356.9290995158826,1.2721985557686064
2024-02-26,화담숲주막,0.0,4238.56208900895,-4238.56208900895,0.0
2024-02-26,화담숲카페,0.0,2175.194020397153,-2175.194020397153,0.0
2024-02-27,느티나무 셀프BBQ,35.0,790.2947399464182,-755.2947399464182,0.04428727439382045
2024-02-27,담하,609.0,1531.9626280625257,-922.9626280625257,0.3975292796601721
2024-02-27,라그로타,217.0,385.1895765767116,-168.1895765767116,0.5633589619130928
2024-02-27,미라시아,1519.0,1104.198316386893,414.8016836131069,1.3756586814680192
2024-02-27,연회장,147.0,779.583776889545,-632.583776889545,0.18856215888241556
2024-02-27,카페테리아,2583.0,2830.641299446838,-247.64129944683782,0.9125140654539197
2024-02-27,포레스트릿,5138.0,5342.722897970662,-204.72289797066242,0.9616819172769707
2024-02-27,화담숲주막,0.0,4077.3980240496153,-4077.3980240496153,0.0
2024-02-27,화담숲카페,0.0,2082.607714162028,-2082.607714162028,0.0
2024-02-28,느티나무 셀프BBQ,56.0,695.5899426047778,-639.5899426047778,0.08050720197347395
2024-02-28,담하,735.0,1453.5047368821288,-718.5047368821288,0.5056743066256718
2024-02-28,라그로타,140.0,359.20563350735205,-219.20563350735205,0.3897488985153529
2024-02-28,미라시아,1071.0,1034.512590053715,36.48740994628497,1.0352701458610478
2024-02-28,연회장,343.0,737.3338793855598,-394.33387938555984,0.465189528908981
2024-02-28,카페테리아,4956.0,2571.2759849926256,2384.7240150073744,1.927447706479557
2024-02-28,포레스트릿,4599.0,4606.579524518378,-7.5795245183780935,0.998354630702013
2024-02-28,화담숲주막,0.0,3308.9915627957857,-3308.9915627957857,0.0
2024-02-28,화담숲카페,0.0,1673.9440227654209,-1673.9440227654209,0.0
2024-02-29,느티나무 셀프BBQ,49.0,1009.8691467342139,-960.8691467342139,0.04852113777162086
2024-02-29,담하,1855.0,1892.6556162624227,-37.655616262422654,0.9801043486523004
2024-02-29,라그로타,280.0,435.444837519179,-155.44483751917898,0.6430205984188928
2024-02-29,미라시아,1750.0,1332.5040505100005,417.4959494899995,1.3133168333185987
2024-02-29,연회장,266.0,895.197880686648,-629.197880686648,0.2971410072999377
2024-02-29,카페테리아,5677.0,3380.0113208575126,2296.9886791424874,1.6795801732876263
2024-02-29,포레스트릿,5901.0,6698.224773278411,-797.2247732784108,0.8809796923419437
2024-02-29,화담숲주막,0.0,3686.47966711769,-3686.47966711769,0.0
2024-02-29,화담숲카페,0.0,1870.7787316274582,-1870.7787316274582,0.0
2024-03-01,느티나무 셀프BBQ,84.0,756.1020080640138,-672.1020080640138,0.11109612076693269
2024-03-01,담하,1428.0,1856.2661677334324,-428.26616773343244,0.7692862288944474
2024-03-01,라그로타,329.0,459.4345154913798,-130.43451549137978,0.7160977003395665
2024-03-01,미라시아,2359.0,1294.2494084393134,1064.7505915606866,1.822678059281193
2024-03-01,연회장,392.0,791.7767345452227,-399.77673454522267,0.4950890609650905
2024-03-01,카페테리아,5985.0,3397.85748393164,2587.14251606836,1.76140406956527
2024-03-01,포레스트릿,7511.0,9572.867916948911,-2061.8679169489114,0.7846133536117904
2024-03-01,화담숲주막,0.0,5010.637527450612,-5010.637527450612,0.0
2024-03-01,화담숲카페,0.0,2495.4255376357014,-2495.4255376357014,0.0
2024-03-02,느티나무 셀프BBQ,28.0,820.5834400244173,-792.5834400244173,0.03412206319831025
2024-03-02,담하,2177.0,2457.129895657335,-280.12989565733506,0.8859930457268747
2024-03-02,라그로타,203.0,550.1884889773985,-347.1884889773985,0.36896446230146257
2024-03-02,미라시아,2373.0,1508.5152030199054,864.4847969800946,1.5730699930961767
2024-03-02,연회장,364.0,825.9510335172482,-461.9510335172482,0.44070409168196606
2024-03-02,카페테리아,3024.0,4741.32282562634,-1717.32282562634,0.6377966890707389
2024-03-02,포레스트릿,4487.0,12834.9955874795,-8347.9955874795,0.3495910823979601
2024-03-02,화담숲주막,0.0,5119.247114931504,-5119.247114931504,0.0
2024-03-02,화담숲카페,0.0,2652.2634495872458,-2652.2634495872458,0.0
2024-03-03,느티나무 셀프BBQ,0.0,655.7636584439515,-655.7636584439515,0.0
2024-03-03,담하,385.0,1894.2733468077686,-1509.2733468077686,0.2032441625432794
2024-03-03,라그로타,49.0,437.9097825207658,-388.9097825207658,0.11189519384092865
2024-03-03,미라시아,1547.0,1540.3128109018296,6.687189098170393,1.0043414487309594
2024-03-03,연회장,7.0,753.6625092302664,-746.6625092302664,0.009287976931676312
2024-03-03,카페테리아,1232.0,4319.348345746998,-3087.3483457469983,0.2852282106890212
2024-03-03,포레스트릿,1652.0,10876.382731684138,-9224.382731684138,0.15188873366763164
2024-03-03,화담숲주막,0.0,4857.456585871666,-4857.456585871666,0.0
2024-03-03,화담숲카페,0.0,2369.4133430112943,-2369.4133430112943,0.0
2024-03-04,느티나무 셀프BBQ,0.0,1077.3362856430915,-1077.3362856430915,0.0
2024-03-04,담하,0.0,1373.8791799546107,-1373.8791799546107,0.0
2024-03-04,라그로타,0.0,320.46624670962865,-320.46624670962865,0.0
2024-03-04,미라시아,0.0,1502.40663724486,-1502.40663724486,0.0
2024-03-04,연회장,0.0,674.4852446986728,-674.4852446986728,0.0
2024-03-04,카페테리아,0.0,2498.0815477424076,-2498.0815477424076,0.0
2024-03-04,포레스트릿,0.0,4424.414833051851,-4424.414833051851,0.0
2024-03-04,화담숲주막,0.0,4462.189455949281,-4462.189455949281,0.0
2024-03-04,화담숲카페,0.0,2243.5352284749574,-2243.5352284749574,0.0
2024-03-05,느티나무 셀프BBQ,0.0,921.9078606700613,-921.9078606700613,0.0
2024-03-05,담하,0.0,1202.473073095391,-1202.473073095391,0.0
2024-03-05,라그로타,0.0,300.2588849076013,-300.2588849076013,0.0
2024-03-05,미라시아,0.0,916.6774077500859,-916.6774077500859,0.0
2024-03-05,연회장,0.0,611.9023131997742,-611.9023131997742,0.0
2024-03-05,카페테리아,0.0,1704.3748299430854,-1704.3748299430854,0.0
2024-03-05,포레스트릿,0.0,3518.66100816444,-3518.66100816444,0.0
2024-03-05,화담숲주막,0.0,4020.381885423583,-4020.381885423583,0.0
2024-03-05,화담숲카페,0.0,1982.779442831105,-1982.779442831105,0.0
2024-03-06,느티나무 셀프BBQ,0.0,665.5675631397917,-665.5675631397917,0.0
2024-03-06,담하,0.0,1107.8130864333464,-1107.8130864333464,0.0
2024-03-06,라그로타,0.0,278.5042737202461,-278.5042737202461,0.0
2024-03-06,미라시아,0.0,831.7027318463993,-831.7027318463993,0.0
2024-03-06,연회장,0.0,619.5803104035397,-619.5803104035397,0.0
2024-03-06,카페테리아,0.0,2018.9437186359742,-2018.9437186359742,0.0
2024-03-06,포레스트릿,0.0,2833.2754368929686,-2833.2754368929686,0.0
2024-03-06,화담숲주막,0.0,3139.6603182420636,-3139.6603182420636,0.0
2024-03-06,화담숲카페,0.0,1499.9034353599832,-1499.9034353599832,0.0
2024-03-07,느티나무 셀프BBQ,0.0,1082.4770882285973,-1082.4770882285973,0.0
2024-03-07,담하,0.0,1339.2675803075654,-1339.2675803075654,0.0
2024-03-07,라그로타,0.0,306.796235438238,-306.796235438238,0.0
2024-03-07,미라시아,0.0,945.0432529016992,-945.0432529016992,0.0
2024-03-07,연회장,0.0,824.551264952219,-824.551264952219,0.0
2024-03-07,카페테리아,0.0,2323.9010149051965,-2323.9010149051965,0.0
2024-03-07,포레스트릿,0.0,3575.4783564311047,-3575.4783564311047,0.0
2024-03-07,화담숲주막,0.0,3417.0622126781473,-3417.0622126781473,0.0
2024-03-07,화담숲카페,0.0,1684.0490516446125,-1684.0490516446125,0.0
2024-03-08,느티나무 셀프BBQ,0.0,835.814475127149,-835.814475127149,0.0
2024-03-08,담하,0.0,1474.714131231654,-1474.714131231654,0.0
2024-03-08,라그로타,0.0,340.7651987399877,-340.7651987399877,0.0
2024-03-08,미라시아,0.0,1178.2436545838818,-1178.2436545838818,0.0
2024-03-08,연회장,0.0,784.3443413455731,-784.3443413455731,0.0
2024-03-08,카페테리아,0.0,2606.6235361217337,-2606.6235361217337,0.0
2024-03-08,포레스트릿,0.0,4411.794335254611,-4411.794335254611,0.0
2024-03-08,화담숲주막,0.0,4253.559952044691,-4253.559952044691,0.0
2024-03-08,화담숲카페,0.0,2106.5061843499425,-2106.5061843499425,0.0
2024-03-09,느티나무 셀프BBQ,0.0,768.3325891243148,-768.3325891243148,0.0
2024-03-09,담하,0.0,2163.8128807466596,-2163.8128807466596,0.0
2024-03-09,라그로타,0.0,511.15815313243075,-511.15815313243075,0.0
2024-03-09,미라시아,0.0,1477.8575526405382,-1477.8575526405382,0.0
2024-03-09,연회장,0.0,838.380939214041,-838.380939214041,0.0
2024-03-09,카페테리아,0.0,2258.468719457576,-2258.468719457576,0.0
2024-03-09,포레스트릿,0.0,2880.8981308723673,-2880.8981308723673,0.0
2024-03-09,화담숲주막,0.0,4594.8549655856095,-4594.8549655856095,0.0
2024-03-09,화담숲카페,0.0,2367.811009680341,-2367.811009680341,0.0
2024-03-10,느티나무 셀프BBQ,0.0,619.0398857633643,-619.0398857633643,0.0
2024-03-10,담하,0.0,1319.724473899427,-1319.724473899427,0.0
2024-03-10,라그로타,0.0,346.80209747213985,-346.80209747213985,0.0
2024-03-10,미라시아,0.0,1162.8287850539734,-1162.8287850539734,0.0
2024-03-10,연회장,0.0,719.4020942901786,-719.4020942901786,0.0
2024-03-10,카페테리아,0.0,1319.880622249968,-1319.880622249968,0.0
2024-03-10,포레스트릿,0.0,1305.7963472103902,-1305.7963472103902,0.0
2024-03-10,화담숲주막,0.0,4625.7789895883225,-4625.7789895883225,0.0
2024-03-10,화담숲카페,0.0,2231.7761317260483,-2231.7761317260483,0.0
2024-03-11,느티나무 셀프BBQ,0.0,1190.3354861008406,-1190.3354861008406,0.0
2024-03-11,담하,0.0,1040.767321635244,-1040.767321635244,0.0
2024-03-11,라그로타,0.0,274.1355538990903,-274.1355538990903,0.0
2024-03-11,미라시아,0.0,779.1855681010902,-779.1855681010902,0.0
2024-03-11,연회장,0.0,643.4675247634483,-643.4675247634483,0.0
2024-03-11,카페테리아,0.0,805.764116255996,-805.764116255996,0.0
2024-03-11,포레스트릿,0.0,329.1257865992489,-329.1257865992489,0.0
2024-03-11,화담숲주막,0.0,4098.696743843931,-4098.696743843931,0.0
2024-03-11,화담숲카페,0.0,2054.2527631793614,-2054.2527631793614,0.0
2024-03-12,느티나무 셀프BBQ,0.0,1201.3771389833237,-1201.3771389833237,0.0
2024-03-12,담하,0.0,1287.5533060597388,-1287.5533060597388,0.0
2024-03-12,라그로타,0.0,269.1545566901475,-269.1545566901475,0.0
2024-03-12,미라시아,0.0,625.026404949281,-625.026404949281,0.0
2024-03-12,연회장,0.0,698.2360477678703,-698.2360477678703,0.0
2024-03-12,카페테리아,0.0,747.0096234941167,-747.0096234941167,0.0
2024-03-12,포레스트릿,0.0,220.81270888948825,-220.81270888948825,0.0
2024-03-12,화담숲주막,0.0,4089.4138912428143,-4089.4138912428143,0.0
2024-03-12,화담숲카페,0.0,2052.8969342772953,-2052.8969342772953,0.0
2024-03-13,느티나무 셀프BBQ,0.0,793.4779481105617,-793.4779481105617,0.0
2024-03-13,담하,140.0,1059.0600928554336,-919.0600928554336,0.1321926875957837
2024-03-13,라그로타,42.0,284.431168570998,-242.431168570998,0.1476631418807261
2024-03-13,미라시아,49.0,606.5992560895536,-557.5992560895536,0.08077820654756296
2024-03-13,연회장,0.0,665.1570160781229,-665.1570160781229,0.0
2024-03-13,카페테리아,0.0,776.5838467400977,-776.5838467400977,0.0
2024-03-13,포레스트릿,0.0,197.46692188205105,-197.46692188205105,0.0
2024-03-13,화담숲주막,0.0,3245.6558527914412,-3245.6558527914412,0.0
2024-03-13,화담숲카페,0.0,1602.2471790171899,-1602.2471790171899,0.0
2024-03-14,느티나무 셀프BBQ,1295.0,1308.0443345440683,-13.044334544068306,0.990027605181582
2024-03-14,담하,70.0,1198.8137392865383,-1128.8137392865383,0.05839105584630668
2024-03-14,라그로타,49.0,299.43324723182064,-250.43324723182064,0.1636424827669998
2024-03-14,미라시아,329.0,639.1854782441857,-310.1854782441857,0.5147175760371598
2024-03-14,연회장,217.0,942.6732938013533,-725.6732938013533,0.2301964014753639
2024-03-14,카페테리아,84.0,859.9171032495877,-775.9171032495877,0.09768383450284662
2024-03-14,포레스트릿,0.0,210.98164814644747,-210.98164814644747,0.0
2024-03-14,화담숲주막,0.0,3530.494985933222,-3530.494985933222,0.0
2024-03-14,화담숲카페,0.0,1814.0196687033367,-1814.0196687033367,0.0
2024-03-15,느티나무 셀프BBQ,210.0,860.0690654392296,-650.0690654392296,0.24416643783456493
2024-03-15,담하,1141.0,1283.9726006228234,-142.9726006228234,0.8886482464240507
2024-03-15,라그로타,112.0,312.8432162656877,-200.84321626568772,0.3580068039732784
2024-03-15,미라시아,385.0,790.1269938836027,-405.1269938836027,0.4872634436999328
2024-03-15,연회장,273.0,768.1022196263166,-495.1022196263166,0.3554214439489774
2024-03-15,카페테리아,8358.0,891.9044762916044,7466.095523708395,9.37095868691143
2024-03-15,포레스트릿,0.0,242.84459052874524,-242.84459052874524,0.0
2024-03-15,화담숲주막,0.0,4248.29651017441,-4248.29651017441,0.0
2024-03-15,화담숲카페,0.0,2233.8181066527095,-2233.8181066527095,0.0
2024-03-16,느티나무 셀프BBQ,315.0,861.7178289459646,-546.7178289459646,0.36554889479924246
2024-03-16,담하,1239.0,1710.1085493193937,-471.10854931939366,0.7245154118977475
2024-03-16,라그로타,427.0,456.00599194064887,-29.00599194064887,0.9363912043848228
2024-03-16,미라시아,1421.0,1078.1658643974108,342.8341356025892,1.3179790298723657
2024-03-16,연회장,336.0,836.0767803416709,-500.0767803416709,0.40187696620720686
2024-03-16,카페테리아,8148.0,1129.6805304387105,7018.319469561289,7.212658606089042
2024-03-16,포레스트릿,0.0,406.85106175813286,-406.85106175813286,0.0
2024-03-16,화담숲주막,0.0,4554.499896659871,-4554.499896659871,0.0
2024-03-16,화담숲카페,0.0,2511.98808911477,-2511.98808911477,0.0
2024-03-17,느티나무 셀프BBQ,84.0,765.740829719825,-681.740829719825,0.10969768979242565
2024-03-17,담하,553.0,1228.1295179317867,-675.1295179317867,0.4502782417698676
2024-03-17,라그로타,63.0,323.2544715992811,-260.2544715992811,0.1948928956444484
2024-03-17,미라시아,1603.0,802.2386240550471,800.7613759449529,1.9981585926359078
2024-03-17,연회장,14.0,731.8159526493396,-717.8159526493396,0.01913049305541486
2024-03-17,카페테리아,203.0,905.3930662181452,-702.3930662181452,0.22421201086500173
2024-03-17,포레스트릿,0.0,241.98544127314483,-241.98544127314483,0.0
2024-03-17,화담숲주막,0.0,4522.629693901223,-4522.629693901223,0.0
2024-03-17,화담숲카페,0.0,2320.9345483897364,-2320.9345483897364,0.0
2024-03-18,느티나무 셀프BBQ,371.0,1323.255882295166,-952.255882295166,0.28036905406118917
2024-03-18,담하,70.0,1035.6805463131643,-965.6805463131643,0.06758840865476073
2024-03-18,라그로타,0.0,278.7440535528067,-278.7440535528067,0.0
2024-03-18,미라시아,420.0,640.3796840551225,-220.37968405512254,0.6558609063616816
2024-03-18,연회장,14.0,702.8592102108933,-688.8592102108933,0.01991864059915967
2024-03-18,카페테리아,28.0,964.8984195769723,-936.8984195769723,0.029018598675159685
2024-03-18,포레스트릿,0.0,198.28302208931248,-198.28302208931248,0.0
2024-03-18,화담숲주막,0.0,4356.170486274518,-4356.170486274518,0.0
2024-03-18,화담숲카페,0.0,2249.0599790173824,-2249.0599790173824,0.0
2024-03-19,느티나무 셀프BBQ,875.0,1230.8991520127797,-355.8991520127797,0.710862460640411
2024-03-19,담하,784.0,1143.2654994837937,-359.26549948379375,0.6857549714864929
2024-03-19,라그로타,21.0,260.9132736549025,-239.91327365490253,0.08048651456412943
2024-03-19,미라시아,168.0,633.5103951083827,-465.5103951083827,0.2651890186762572
2024-03-19,연회장,371.0,661.5956990938452,-290.59569909384516,0.5607654350053066
2024-03-19,카페테리아,14.0,817.3012540036228,-803.3012540036228,0.017129546701928764
2024-03-19,포레스트릿,0.0,163.49589741260402,-163.49589741260402,0.0
2024-03-19,화담숲주막,0.0,4512.842633720465,-4512.842633720465,0.0
2024-03-19,화담숲카페,0.0,2323.3987031626516,-2323.3987031626516,0.0
2024-03-20,느티나무 셀프BBQ,686.0,877.654367159788,-191.65436715978797,0.7816288799655743
2024-03-20,담하,1106.0,995.0719372976178,110.92806270238225,1.111477430469637
2024-03-20,라그로타,21.0,272.9863527335813,-251.98635273358133,0.07692692249892348
2024-03-20,미라시아,343.0,595.0745291394173,-252.07452913941734,0.5763983891161305
2024-03-20,연회장,987.0,696.0366513864889,290.96334861351113,1.4180287748266114
2024-03-20,카페테리아,105.0,968.8008052831193,-863.8008052831193,0.10838141280169057
2024-03-20,포레스트릿,0.0,157.06024271596115,-157.06024271596115,0.0
2024-03-20,화담숲주막,0.0,3481.0357707829403,-3481.0357707829403,0.0
2024-03-20,화담숲카페,0.0,1808.8256781421933,-1808.8256781421933,0.0
2024-03-21,느티나무 셀프BBQ,3192.0,1310.6353955807974,1881.3646044192026,2.4354599385632274
2024-03-21,담하,1400.0,1097.179836706435,302.820163293565,1.2759986587090266
2024-03-21,라그로타,21.0,301.4286516094361,-280.4286516094361,0.06966822791354917
2024-03-21,미라시아,504.0,735.004197569327,-231.00419756932695,0.6857103696369867
2024-03-21,연회장,364.0,915.7549986030383,-551.7549986030383,0.3974862278177821
2024-03-21,카페테리아,98.0,1134.2344424394048,-1036.2344424394048,0.08640189041449915
2024-03-21,포레스트릿,0.0,233.62406637097834,-233.62406637097834,0.0
2024-03-21,화담숲주막,0.0,3874.988504914309,-3874.988504914309,0.0
2024-03-21,화담숲카페,0.0,2020.049957222577,-2020.049957222577,0.0
2024-03-22,느티나무 셀프BBQ,1477.0,1140.2196405832992,336.7803594167008,1.2953644608721306
2024-03-22,담하,1155.0,1449.5958956931916,-294.59589569319155,0.7967737791142704
2024-03-22,라그로타,140.0,345.35667662332855,-205.35667662332855,0.40537800331190443
2024-03-22,미라시아,385.0,1036.0078962265004,-651.0078962265004,0.3716187892025759
2024-03-22,연회장,1050.0,742.5632754735368,307.4367245264632,1.4140209119962324
2024-03-22,카페테리아,532.0,2543.8286097381115,-2011.8286097381115,0.20913358626577036
2024-03-22,포레스트릿,0.0,253.96023656475376,-253.96023656475376,0.0
2024-03-22,화담숲주막,0.0,4860.438267093718,-4860.438267093718,0.0
2024-03-22,화담숲카페,0.0,2565.0668236198326,-2565.0668236198326,0.0
2024-03-23,느티나무 셀프BBQ,322.0,942.1338296444784,-620.1338296444784,0.3417773461351125
2024-03-23,담하,1491.0,1995.9393930035449,-504.93939300354486,0.7470166705594712
2024-03-23,라그로타,385.0,504.40714709417665,-119.40714709417665,0.7632722934596277
2024-03-23,미라시아,1176.0,1360.9327258827268,-184.9327258827268,0.8641132494166632
2024-03-23,연회장,364.0,760.4865269772157,-396.4865269772157,0.4786409582387059
2024-03-23,카페테리아,420.0,2441.484958711288,-2021.484958711288,0.1720264540239857
2024-03-23,포레스트릿,0.0,445.0838088608813,-445.0838088608813,0.0
2024-03-23,화담숲주막,0.0,5215.875177586992,-5215.875177586992,0.0
2024-03-23,화담숲카페,0.0,2815.9311781665756,-2815.9311781665756,0.0
2024-03-24,느티나무 셀프BBQ,161.0,769.5475074904355,-608.5475074904355,0.2092138541583166
2024-03-24,담하,721.0,1275.5497678801103,-554.5497678801103,0.5652464671749031
2024-03-24,라그로타,140.0,335.75502359329056,-195.75502359329056,0.4169706785075118
2024-03-24,미라시아,1484.0,1188.8766298122785,295.12337018772155,1.2482371701042867
2024-03-24,연회장,0.0,599.2369337984572,-599.2369337984572,0.0
2024-03-24,카페테리아,273.0,1035.904753036331,-762.9047530363309,0.2635377424418724
2024-03-24,포레스트릿,0.0,314.2751285139545,-314.2751285139545,0.0
2024-03-24,화담숲주막,0.0,5197.6757759309885,-5197.6757759309885,0.0
2024-03-24,화담숲카페,0.0,2599.0138226775575,-2599.0138226775575,0.0
2024-03-25,느티나무 셀프BBQ,630.0,905.7252061864536,-275.72520618645365,0.6955752094529954
2024-03-25,담하,406.0,1099.3271584400732,-693.3271584400732,0.369316810635432
2024-03-25,라그로타,0.0,286.32719174300644,-286.32719174300644,0.0
2024-03-25,미라시아,343.0,690.3114143459957,-347.3114143459957,0.4968771961057023
2024-03-25,연회장,252.0,604.0515421498943,-352.0515421498943,0.41718294287123375
2024-03-25,카페테리아,119.0,826.3411964865502,-707.3411964865502,0.14400831098094344
2024-03-25,포레스트릿,0.0,212.2182758470702,-212.2182758470702,0.0
2024-03-25,화담숲주막,0.0,4423.537387627847,-4423.537387627847,0.0
2024-03-25,화담숲카페,0.0,2194.5124548706167,-2194.5124548706167,0.0
2024-03-26,느티나무 셀프BBQ,0.0,1011.9884351171597,-1011.9884351171597,0.0
2024-03-26,담하,434.0,1109.470459233209,-675.4704592332091,0.3911776076489242
2024-03-26,라그로타,287.0,271.295030936048,15.704969063951978,1.0578888931720025
2024-03-26,미라시아,217.0,634.1942219005128,-417.19422190051284,0.34216647283494356
2024-03-26,연회장,175.0,572.2042671421815,-397.2042671421815,0.3058348391458534
2024-03-26,카페테리아,154.0,779.9826445026647,-625.9826445026647,0.19744029060825324
2024-03-26,포레스트릿,0.0,204.40577796808853,-204.40577796808853,0.0
2024-03-26,화담숲주막,0.0,4472.548577524324,-4472.548577524324,0.0
2024-03-26,화담숲카페,0.0,2191.7440888591104,-2191.7440888591104,0.0
2024-03-27,느티나무 셀프BBQ,490.0,887.6858955542357,-397.6858955542357,0.5519970548749832
2024-03-27,담하,364.0,1049.2960463459858,-685.2960463459858,0.3468992390351367
2024-03-27,라그로타,49.0,267.2178958852909,-218.2178958852909,0.18337095214997995
2024-03-27,미라시아,252.0,650.4389597743346,-398.43895977433465,0.3874306669567113
2024-03-27,연회장,217.0,598.6449750530435,-381.6449750530435,0.362485294361274
2024-03-27,카페테리아,259.0,794.0437032506445,-535.0437032506445,0.32617852007352943
2024-03-27,포레스트릿,70.0,173.29032080235376,-103.29032080235376,0.4039463928273206
2024-03-27,화담숲주막,0.0,3484.5681610155307,-3484.5681610155307,0.0
2024-03-27,화담숲카페,0.0,1706.791501690565,-1706.791501690565,0.0
2024-03-28,느티나무 셀프BBQ,2044.0,1388.301464900122,655.698535099878,1.472302703467255
2024-03-28,담하,1379.0,1127.361852638256,251.6381473617439,1.2232097411961027
2024-03-28,라그로타,798.0,313.0405121814343,484.9594878185657,2.5491908201884406
2024-03-28,미라시아,427.0,684.3921991938591,-257.39219919385914,0.6239112609742782
2024-03-28,연회장,371.0,592.3809364557362,-221.38093645573622,0.6262861904701449
2024-03-28,카페테리아,14.0,1023.4253977769772,-1009.4253977769772,0.013679551074665485
2024-03-28,포레스트릿,0.0,255.8460073344341,-255.8460073344341,0.0
2024-03-28,화담숲주막,0.0,3995.1174999588993,-3995.1174999588993,0.0
2024-03-28,화담숲카페,0.0,2027.6200266633205,-2027.6200266633205,0.0
2024-03-29,느티나무 셀프BBQ,1330.0,1126.8314932659935,203.16850673400654,1.180300699748057
2024-03-29,담하,3374.0,1498.9704675795308,1875.0295324204692,2.250878234744799
2024-03-29,라그로타,273.0,384.9121216042424,-111.91212160424237,0.7092527999954551
2024-03-29,미라시아,1008.0,1068.8109521272688,-60.81095212726882,0.9431041083493428
2024-03-29,연회장,637.0,737.830848419532,-100.830848419532,0.863341511627609
2024-03-29,카페테리아,539.0,1116.7870552295747,-577.7870552295747,0.48263453401973694
2024-03-29,포레스트릿,21.0,297.9262245271083,-276.9262245271083,0.07048724909441201
2024-03-29,화담숲주막,3339.0,6798.739669107245,-3459.7396691072454,0.4911204373910746
2024-03-29,화담숲카페,854.0,3649.1061258685054,-2795.1061258685054,0.2340299159692824
2024-03-30,느티나무 셀프BBQ,595.0,1262.3471649209712,-667.3471649209712,0.4713441884564693
2024-03-30,담하,2100.0,2204.5258723466545,-104.52587234665452,0.9525857810707434
2024-03-30,라그로타,560.0,580.804171299307,-20.804171299306972,0.9641804030904835
2024-03-30,미라시아,1421.0,1382.4401078757369,38.559892124263115,1.0278926312283534
2024-03-30,연회장,1428.0,784.7549534338673,643.2450465661327,1.8196763126520872
2024-03-30,카페테리아,1162.0,1370.2022779928611,-208.20227799286113,0.8480499694557172
2024-03-30,포레스트릿,490.0,591.2659195362942,-101.26591953629418,0.8287303289597464
2024-03-30,화담숲주막,7903.0,7563.198205404517,339.80179459548344,1.0449283207139366
2024-03-30,화담숲카페,2163.0,4045.391743352329,-1882.3917433523288,0.5346824577754165
2024-03-31,느티나무 셀프BBQ,224.0,1069.4367327997277,-845.4367327997277,0.2094560558188235
2024-03-31,담하,1099.0,1971.0077113621028,-872.0077113621028,0.5575828007494272
2024-03-31,라그로타,252.0,449.6447029821423,-197.6447029821423,0.5604424967728536
2024-03-31,미라시아,1925.0,1402.593769722971,522.406230277029,1.3724572585119998
2024-03-31,연회장,14.0,733.5122456316615,-719.5122456316615,0.0190862525927484
2024-03-31,카페테리아,1484.0,1501.413373658536,-17.413373658536102,0.9884020124210666
2024-03-31,포레스트릿,700.0,503.41131133057,196.58868866942998,1.3905130541263069
2024-03-31,화담숲주막,8043.0,7162.056099788866,880.943900211134,1.123001535863019
2024-03-31,화담숲카페,2751.0,3569.8323366578957,-818.8323366578957,0.7706244273016775
2024-04-01,느티나무 셀프BBQ,0.0,1619.1401924218135,-1619.1401924218135,0.0
2024-04-01,담하,931.0,1950.767229411878,-1019.7672294118779,0.4772481236937121
2024-04-01,라그로타,14.0,403.69930988451347,-389.69930988451347,0.03467927652391823
2024-04-01,미라시아,805.0,1287.8047738975567,-482.80477389755674,0.6250947475242368
2024-04-01,연회장,1855.0,917.0850798836861,937.9149201163139,2.022713094662133
2024-04-01,카페테리아,581.0,1726.6021418200055,-1145.6021418200055,0.33649906132258695
2024-04-01,포레스트릿,0.0,904.1220719378217,-904.1220719378217,0.0
2024-04-01,화담숲주막,0.0,7689.434199484681,-7689.434199484681,0.0
2024-04-01,화담숲카페,0.0,3148.1586783934818,-3148.1586783934818,0.0
2024-04-02,느티나무 셀프BBQ,7.0,1222.805716608718,-1215.805716608718,0.005724539806220017
2024-04-02,담하,1904.0,1563.242076538746,340.757923461254,1.217981545261207
2024-04-02,라그로타,385.0,362.4640968248378,22.53590317516222,1.062174166690095
2024-04-02,미라시아,1176.0,725.2354195195085,450.76458048049153,1.6215424238092748
2024-04-02,연회장,1029.0,859.2403205871166,169.75967941288343,1.1975694987135697
2024-04-02,카페테리아,910.0,1579.4872854466284,-669.4872854466284,0.5761363249864219
2024-04-02,포레스트릿,406.0,597.3233442108298,-191.32334421082976,0.6796988665098936
2024-04-02,화담숲주막,6377.0,6654.6524167030975,-277.6524167030975,0.9582769468160061
2024-04-02,화담숲카페,2842.0,2562.162641992718,279.8373580072821,1.1092192015529658
2024-04-03,느티나무 셀프BBQ,56.0,1228.6258051190994,-1172.6258051190994,0.04557937800644805
2024-04-03,담하,1582.0,1638.104703927384,-56.10470392738398,0.9657502333075096
2024-04-03,라그로타,364.0,378.32009707588423,-14.320097075884235,0.962148198875589
2024-04-03,미라시아,826.0,737.6438645474185,88.3561354525815,1.1197815635690163
2024-04-03,연회장,280.0,904.1253448871655,-624.1253448871655,0.30969157272650494
2024-04-03,카페테리아,1134.0,1432.7365137508666,-298.7365137508666,0.7914923568404199
2024-04-03,포레스트릿,70.0,433.08989630323737,-363.08989630323737,0.16162926126308882
2024-04-03,화담숲주막,3570.0,3913.3078799916643,-343.3078799916643,0.9122716917452466
2024-04-03,화담숲카페,1337.0,1516.2263217913537,-179.2263217913537,0.8817944793494906
2024-04-04,느티나무 셀프BBQ,266.0,2117.915594667684,-1851.9155946676842,0.12559518456246
2024-04-04,담하,1750.0,1673.9344136915067,76.06558630849327,1.0454411987030883
2024-04-04,라그로타,252.0,458.26737615619436,-206.26737615619436,0.5498973156537967
2024-04-04,미라시아,1057.0,891.0793579053454,165.92064209465457,1.186201869252906
2024-04-04,연회장,3283.0,790.6621102602052,2492.3378897397947,4.152216170975453
2024-04-04,카페테리아,2247.0,1160.6363703754882,1086.3636296245118,1.936006881529184
2024-04-04,포레스트릿,350.0,368.239586850932,-18.239586850932028,0.9504681530660211
2024-04-04,화담숲주막,6909.0,2294.8598762687634,4614.140123731237,3.010641334334284
2024-04-04,화담숲카페,1932.0,857.2336199776198,1074.7663800223802,2.253761349269572
2024-04-05,느티나무 셀프BBQ,273.0,1630.5595493661835,-1357.5595493661835,0.16742718786696145
2024-04-05,담하,2184.0,2586.002278330372,-402.00227833037206,0.8445468197383333
2024-04-05,라그로타,518.0,495.092281574867,22.907718425132998,1.046269593119619
2024-04-05,미라시아,1372.0,1179.0373443414549,192.96265565854515,1.163661190703271
2024-04-05,연회장,259.0,891.2664808202815,-632.2664808202815,0.29059771187807726
2024-04-05,카페테리아,1925.0,2086.3613251216943,-161.36132512169434,0.9226589741773121
2024-04-05,포레스트릿,623.0,314.209941800703,308.790058199297,1.9827507571200795
2024-04-05,화담숲주막,7406.0,4106.786910756025,3299.2130892439754,1.8033562882464282
2024-04-05,화담숲카페,2793.0,988.9498539046882,1804.050146095312,2.824207910009136
2024-04-06,느티나무 셀프BBQ,609.0,1207.3512802981286,-598.3512802981286,0.5044099508882129
2024-04-06,담하,2324.0,2604.3059009081767,-280.3059009081767,0.8923682886828203
2024-04-06,라그로타,490.0,597.2797877862776,-107.27978778627755,0.8203860402109152
2024-04-06,미라시아,2002.0,1414.959632160713,587.040367839287,1.4148813538537828
2024-04-06,연회장,301.0,851.6158964914699,-550.6158964914699,0.3534457273990246
2024-04-06,카페테리아,2023.0,2433.8160149036576,-410.81601490365756,0.83120498329044
2024-04-06,포레스트릿,1232.0,585.4581424955926,646.5418575044074,2.1043348970234446
2024-04-06,화담숲주막,9303.0,5612.4411926765715,3690.5588073234285,1.657567479217257
2024-04-06,화담숲카페,2765.0,1422.4328750220798,1342.5671249779202,1.943852710769976
2024-04-07,느티나무 셀프BBQ,294.0,952.649470640577,-658.649470640577,0.30861298836633966
2024-04-07,담하,1673.0,2054.814323505405,-381.8143235054049,0.814185486670129
2024-04-07,라그로타,378.0,474.2984488887128,-96.29844888871281,0.7969665532022269
2024-04-07,미라시아,1995.0,1521.9928145486408,473.0071854513592,1.3107814839399443
2024-04-07,연회장,14.0,672.3753608496771,-658.3753608496771,0.02082170289867296
2024-04-07,카페테리아,1568.0,2030.9630514396647,-462.9630514396647,0.7720475263636679
2024-04-07,포레스트릿,1120.0,621.9144595267342,498.08554047326584,1.800890754095507
2024-04-07,화담숲주막,9247.0,6203.3535793921565,3043.6464206078435,1.49064532299416
2024-04-07,화담숲카페,3759.0,1979.6207372976664,1779.3792627023336,1.8988485668882829
2024-04-08,느티나무 셀프BBQ,0.0,1465.759832298692,-1465.759832298692,0.0
2024-04-08,담하,308.0,1701.541516190108,-1393.541516190108,0.18101233326920957
2024-04-08,라그로타,0.0,346.3339652346575,-346.3339652346575,0.0
2024-04-08,미라시아,1001.0,1087.903325245645,-86.90332524564496,0.9201185222721674
2024-04-08,연회장,28.0,855.9836008176003,-827.9836008176003,0.03271090704688215
2024-04-08,카페테리아,770.0,1648.3861286560577,-878.3861286560577,0.4671235620186801
2024-04-08,포레스트릿,0.0,273.1206427400513,-273.1206427400513,0.0
2024-04-08,화담숲주막,0.0,2667.2943679013947,-2667.2943679013947,0.0
2024-04-08,화담숲카페,0.0,808.3069333965723,-808.3069333965723,0.0
2024-04-09,느티나무 셀프BBQ,427.0,1326.5616475866807,-899.5616475866807,0.3218847769169347
2024-04-09,담하,1428.0,1774.827988978566,-346.82798897856605,0.8045850126703435
2024-04-09,라그로타,252.0,430.0656736714966,-178.0656736714966,0.5859570187238168
2024-04-09,미라시아,1323.0,1061.2774460641763,261.7225539358237,1.2466108696707356
2024-04-09,연회장,266.0,766.3309752722332,-500.3309752722332,0.3471085060936047
2024-04-09,카페테리아,2142.0,1765.421845379211,376.57815462078906,1.2133077460248038
2024-04-09,포레스트릿,805.0,375.77562159312765,429.22437840687235,2.142235828357212
2024-04-09,화담숲주막,9009.0,2211.2634806839196,6797.73651931608,4.074141357959575
2024-04-09,화담숲카페,2611.0,929.1689248748504,1681.8310751251497,2.8100380136493213
2024-04-10,느티나무 셀프BBQ,455.0,1289.415482375698,-834.415482375698,0.35287307017725594
2024-04-10,담하,1666.0,2242.1622884766166,-576.1622884766166,0.7430327450257509
2024-04-10,라그로타,322.0,453.552021447668,-131.55202144766798,0.7099516367984112
2024-04-10,미라시아,2485.0,1261.342190035185,1223.657809964815,1.9701235871057965
2024-04-10,연회장,252.0,960.5132642693236,-708.5132642693236,0.2623597292971275
2024-04-10,카페테리아,1288.0,2033.2466347094876,-745.2466347094876,0.6334696332518611
2024-04-10,포레스트릿,924.0,382.95815855137596,541.041841448624,2.4127962268651872
2024-04-10,화담숲주막,10157.0,3247.5188125322356,6909.481187467764,3.12761852550444
2024-04-10,화담숲카페,2156.0,1366.1248660800836,789.8751339199164,1.5781866310554464
2024-04-11,느티나무 셀프BBQ,1071.0,2164.5767153177326,-1093.5767153177326,0.4947849583805537
2024-04-11,담하,1708.0,1909.999384702187,-201.99938470218694,0.8942411257720466
2024-04-11,라그로타,420.0,446.9520965841416,-26.9520965841416,0.9396980195637863
2024-04-11,미라시아,2625.0,1142.0580811093246,1482.9419188906754,2.2984820504489907
2024-04-11,연회장,196.0,990.8382470046777,-794.8382470046777,0.19781230750075668
2024-04-11,카페테리아,1407.0,1860.432201888625,-453.43220188862506,0.7562758796432777
2024-04-11,포레스트릿,581.0,375.2799240417597,205.72007595824027,1.5481776742614894
2024-04-11,화담숲주막,8225.0,3626.6742309850115,4598.3257690149885,2.2679180638085805
2024-04-11,화담숲카페,3661.0,1406.985991878624,2254.014008121376,2.6020159554764226
2024-04-12,느티나무 셀프BBQ,3031.0,1736.6373104420761,1294.3626895579239,1.7453270074155165
2024-04-12,담하,3108.0,2499.2342625714946,608.7657374285054,1.243580902576991
2024-04-12,라그로타,434.0,509.3025451884585,-75.30254518845851,0.8521457512830726
2024-04-12,미라시아,2688.0,1386.8367029614453,1301.1632970385547,1.938223868938611
2024-04-12,연회장,420.0,990.7563701752466,-570.7563701752466,0.42391854611614527
2024-04-12,카페테리아,1526.0,3557.7853904622393,-2031.7853904622393,0.4289185075892779
2024-04-12,포레스트릿,490.0,394.7608598388809,95.23914016111911,1.2412578090948285
2024-04-12,화담숲주막,8330.0,5476.14978117559,2853.85021882441,1.5211417387878243
2024-04-12,화담숲카페,3983.0,1749.138822349026,2233.8611776509742,2.277120574484182
2024-04-13,느티나무 셀프BBQ,322.0,1485.7625293101892,-1163.7625293101892,0.21672373185336583
2024-04-13,담하,3486.0,3146.3765740888703,339.62342591112974,1.107941124628249
2024-04-13,라그로타,651.0,707.654028572027,-56.65402857202696,0.9199410640163401
2024-04-13,미라시아,2065.0,1619.9315063111903,445.06849368880967,1.2747452543239266
2024-04-13,연회장,364.0,1071.4933096867453,-707.4933096867453,0.339712807078951
2024-04-13,카페테리아,1106.0,3002.2607554232804,-1896.2607554232804,0.3683890541493183
2024-04-13,포레스트릿,994.0,927.4079013423824,66.59209865761761,1.0718045409805421
2024-04-13,화담숲주막,9849.0,5988.544913325242,3860.4550866747577,1.6446399154634
2024-04-13,화담숲카페,5005.0,1655.9801696964666,3349.019830303533,3.0223791876187702
2024-04-14,느티나무 셀프BBQ,189.0,1158.1337539632077,-969.1337539632077,0.1631935856745647
2024-04-14,담하,2065.0,2345.0618484050287,-280.06184840502874,0.8805737901558929
2024-04-14,라그로타,441.0,496.17866071488663,-55.17866071488663,0.8887927573600484
2024-04-14,미라시아,2212.0,1662.1007318669701,549.8992681330299,1.3308459334563618
2024-04-14,연회장,0.0,666.6760362729227,-666.6760362729227,0.0
2024-04-14,카페테리아,735.0,2622.9388918555373,-1887.9388918555373,0.2802200242949775
2024-04-14,포레스트릿,1120.0,872.9376853899056,247.0623146100944,1.2830239990151666
2024-04-14,화담숲주막,8946.0,5910.470459899353,3035.529540100647,1.5135850962619206
2024-04-14,화담숲카페,4669.0,1947.3218264751647,2721.678173524835,2.3976519630816897
2024-04-15,느티나무 셀프BBQ,455.0,1748.1539420489794,-1293.1539420489794,0.26027456109883707
2024-04-15,담하,826.0,1827.6531846991043,-1001.6531846991043,0.45194570114022403
2024-04-15,라그로타,0.0,362.0850923302986,-362.0850923302986,0.0
2024-04-15,미라시아,931.0,1336.5215316601718,-405.52153166017183,0.6965843631741198
2024-04-15,연회장,42.0,989.9843933726853,-947.9843933726853,0.042424911221998284
2024-04-15,카페테리아,392.0,2267.979707397202,-1875.9797073972022,0.17284105264322241
2024-04-15,포레스트릿,0.0,341.1025876429983,-341.1025876429983,0.0
2024-04-15,화담숲주막,0.0,3438.239175582722,-3438.239175582722,0.0
2024-04-15,화담숲카페,0.0,1312.538390340735,-1312.538390340735,0.0
2024-04-16,느티나무 셀프BBQ,1533.0,1470.3096975766089,62.69030242339113,1.0426374814277009
2024-04-16,담하,1652.0,1854.1448487731618,-202.1448487731618,0.8909767762173945
2024-04-16,라그로타,357.0,364.89652349380793,-7.896523493807933,0.9783595540505555
2024-04-16,미라시아,749.0,1289.605794344822,-540.605794344822,0.5807976385376943
2024-04-16,연회장,1449.0,890.0406042219737,558.9593957780263,1.6280156131378287
2024-04-16,카페테리아,1491.0,2037.5259252520043,-546.5259252520043,0.7317698300283423
2024-04-16,포레스트릿,154.0,395.35679768106684,-241.35679768106684,0.38952156862680615
2024-04-16,화담숲주막,5446.0,3750.837022503951,1695.1629774960488,1.4519425843686502
2024-04-16,화담숲카페,2254.0,712.8663416671593,1541.1336583328407,3.161883046306601
2024-04-17,느티나무 셀프BBQ,168.0,1434.9234971548037,-1266.9234971548037,0.11707941247956
2024-04-17,담하,1771.0,1943.424014670924,-172.42401467092395,0.9112782319404856
2024-04-17,라그로타,343.0,384.29239606747825,-41.29239606747825,0.8925495365247152
2024-04-17,미라시아,1281.0,1391.1306625645086,-110.13066256450861,0.9208337034556582
2024-04-17,연회장,784.0,974.7326470799685,-190.7326470799685,0.8043231160345853
2024-04-17,카페테리아,2800.0,2138.9050918809407,661.0949081190593,1.3090809922462228
2024-04-17,포레스트릿,273.0,436.0117163291721,-163.0117163291721,0.6261299634294586
2024-04-17,화담숲주막,5075.0,4707.569570222918,367.4304297770823,1.07805098242227
2024-04-17,화담숲카페,2772.0,1151.1594033706203,1620.8405966293797,2.4080070856247384
2024-04-18,느티나무 셀프BBQ,3955.0,2026.6123127752737,1928.3876872247263,1.951532602002187
2024-04-18,담하,2149.0,1925.4526088950702,223.54739110492983,1.1161012169669622
2024-04-18,라그로타,147.0,430.5474516193482,-283.5474516193482,0.3414257811702584
2024-04-18,미라시아,434.0,1400.9841784724129,-966.9841784724129,0.30978222785729054
2024-04-18,연회장,868.0,1101.2929879540875,-233.2929879540875,0.7881644662175826
2024-04-18,카페테리아,1547.0,2088.9270144191814,-541.9270144191814,0.7405715897786586
2024-04-18,포레스트릿,434.0,398.9639886178827,35.036011382117294,1.0878174782227623
2024-04-18,화담숲주막,5355.0,4867.880392642468,487.119607357532,1.100068113442924
2024-04-18,화담숲카페,3164.0,1477.1648332165566,1686.8351667834434,2.1419410541410775
2024-04-19,느티나무 셀프BBQ,595.0,1769.2518842726233,-1174.2518842726233,0.33630033421985983
2024-04-19,담하,2716.0,2649.5952090280093,66.40479097199068,1.0250622399775364
2024-04-19,라그로타,623.0,537.5313120195412,85.46868798045875,1.1590022498584263
2024-04-19,미라시아,1589.0,1699.6194052325916,-110.61940523259159,0.9349151904879237
2024-04-19,연회장,560.0,920.66164999632,-360.66164999631997,0.6082582021334748
2024-04-19,카페테리아,2471.0,2260.6694917719083,210.33050822809173,1.0930390351148744
2024-04-19,포레스트릿,357.0,429.27032886389776,-72.27032886389776,0.8316437824734646
2024-04-19,화담숲주막,5698.0,5482.217583883023,215.7824161169774,1.0393604253781077
2024-04-19,화담숲카페,3465.0,1856.5978957585646,1608.4021042414354,1.8663168841868574
2024-04-20,느티나무 셀프BBQ,833.0,1355.477584157022,-522.477584157022,0.6145435451948449
2024-04-20,담하,2156.0,3321.35578776087,-1165.35578776087,0.6491325042456508
2024-04-20,라그로타,462.0,650.2664420745062,-188.26644207450624,0.7104779981050674
2024-04-20,미라시아,2352.0,1699.1168673363372,652.8831326636628,1.3842485147517671
2024-04-20,연회장,665.0,991.1855934487448,-326.18559344874484,0.670913706166965
2024-04-20,카페테리아,819.0,2366.3292872522848,-1547.3292872522848,0.3461056770129401
2024-04-20,포레스트릿,133.0,876.2798739475434,-743.2798739475434,0.1517779923448998
2024-04-20,화담숲주막,4291.0,6597.452210007308,-2306.452210007308,0.6504025892739657
2024-04-20,화담숲카페,1295.0,2368.4451616950605,-1073.4451616950605,0.5467722119743689
2024-04-21,느티나무 셀프BBQ,280.0,1223.4406772253426,-943.4406772253426,0.22886275175598683
2024-04-21,담하,1603.0,2776.5753046381637,-1173.5753046381637,0.5773299205399721
2024-04-21,라그로타,497.0,520.3200068816398,-23.320006881639756,0.9551814141812454
2024-04-21,미라시아,1939.0,1870.343439196573,68.65656080342706,1.0367079967050967
2024-04-21,연회장,217.0,719.3477949431384,-502.3477949431384,0.30166214663541574
2024-04-21,카페테리아,1162.0,2461.9420882891072,-1299.9420882891072,0.471985107012617
2024-04-21,포레스트릿,756.0,1135.7220079380959,-379.7220079380959,0.6656558512699059
2024-04-21,화담숲주막,7588.0,7475.596728355132,112.40327164486825,1.0150360266516945
2024-04-21,화담숲카페,2709.0,2920.4050277611896,-211.40502776118956,0.9276110588252018
2024-04-22,느티나무 셀프BBQ,2499.0,1840.5974373174506,658.4025626825494,1.3577113329257524
2024-04-22,담하,840.0,1823.4837516531525,-983.4837516531525,0.4606566958649696
2024-04-22,라그로타,0.0,389.44163157649103,-389.44163157649103,0.0
2024-04-22,미라시아,735.0,1225.4255482304404,-490.4255482304404,0.5997916405948669
2024-04-22,연회장,-28.0,1004.8575232138388,-1032.8575232138387,-0.027864646831172162
2024-04-22,카페테리아,252.0,1930.2725491165477,-1678.2725491165477,0.1305515120729122
2024-04-22,포레스트릿,0.0,382.28031227363937,-382.28031227363937,0.0
2024-04-22,화담숲주막,0.0,3264.4078488335076,-3264.4078488335076,0.0
2024-04-22,화담숲카페,0.0,1428.8215714241417,-1428.8215714241417,0.0
2024-04-23,느티나무 셀프BBQ,126.0,1350.2570008517116,-1224.2570008517116,0.09331556875507555
2024-04-23,담하,1946.0,1698.4311329273926,247.56886707260742,1.1457632648583762
2024-04-23,라그로타,154.0,414.8482753346358,-260.8482753346358,0.3712200559970425
2024-04-23,미라시아,1617.0,1091.0993646616832,525.9006353383168,1.4819915145871088
2024-04-23,연회장,1624.0,809.475984646631,814.524015353369,2.006236171056936
2024-04-23,카페테리아,3080.0,1710.8614153434246,1369.1385846565754,1.8002627053119586
2024-04-23,포레스트릿,7.0,296.8958547606349,-289.8958547606349,0.02357729111995713
2024-04-23,화담숲주막,3549.0,4178.12570670902,-629.12570670902,0.8494239400938075
2024-04-23,화담숲카페,2233.0,908.7641291537846,1324.2358708462154,2.4571832540081733
2024-04-24,느티나무 셀프BBQ,126.0,1407.2966298130264,-1281.2966298130264,0.08953336299593098
2024-04-24,담하,518.0,1771.2269271258021,-1253.2269271258021,0.2924526451506509
2024-04-24,라그로타,245.0,429.75133268379983,-184.75133268379983,0.5700971267964975
2024-04-24,미라시아,693.0,1399.146146931349,-706.146146931349,0.49530208228776473
2024-04-24,연회장,581.0,828.1042638803027,-247.1042638803027,0.7016024736759234
2024-04-24,카페테리아,5334.0,1846.1022641441964,3487.8977358558036,2.8893307286379932
2024-04-24,포레스트릿,0.0,355.8862477737953,-355.8862477737953,0.0
2024-04-24,화담숲주막,1785.0,4141.601328285287,-2356.6013282852873,0.4309927147765883
2024-04-24,화담숲카페,1043.0,1048.7247051488155,-5.724705148815474,0.9945412698673832
2024-04-25,느티나무 셀프BBQ,3465.0,2273.0791283932276,1191.9208716067724,1.5243640033109211
2024-04-25,담하,1981.0,2015.093832928507,-34.09383292850703,0.983080771539577
2024-04-25,라그로타,189.0,433.6590915844201,-244.65909158442008,0.43582621388028137
2024-04-25,미라시아,1883.0,1105.632425559057,777.3675744409429,1.703097662903538
2024-04-25,연회장,742.0,1093.0791440302971,-351.07914403029713,0.6788163547464353
2024-04-25,카페테리아,1939.0,1990.3968993180079,-51.396899318007854,0.9741775626079309
2024-04-25,포레스트릿,0.0,345.01930330354924,-345.01930330354924,0.0
2024-04-25,화담숲주막,3311.0,4295.33285003335,-984.33285003335,0.7708366535492802
2024-04-25,화담숲카페,1918.0,1610.607655427377,307.39234457262296,1.190854888548916
2024-04-26,느티나무 셀프BBQ,4424.0,1494.8323677618312,2929.167632238169,2.9595291722401798
2024-04-26,담하,2667.0,2828.8838449357672,-161.88384493576723,0.9427746582011242
2024-04-26,라그로타,504.0,573.2908227098171,-69.29082270981712,0.8791349521656479
2024-04-26,미라시아,2247.0,1460.1077518561576,786.8922481438424,1.5389275189748892
2024-04-26,연회장,1449.0,915.4876101609392,533.5123898390608,1.582763091403576
2024-04-26,카페테리아,2709.0,2122.606969671525,586.3930303284751,1.276260767399261
2024-04-26,포레스트릿,21.0,413.3578763509457,-392.3578763509457,0.05080343499290371
2024-04-26,화담숲주막,3815.0,3921.4765520831356,-106.47655208313563,0.972847841707335
2024-04-26,화담숲카페,2835.0,1663.520589799715,1171.479410200285,1.7042169585296982
2024-04-27,느티나무 셀프BBQ,819.0,1403.2331298284696,-584.2331298284696,0.5836521263577308
2024-04-27,담하,3850.0,3137.97175882607,712.0282411739299,1.226907154014765
2024-04-27,라그로타,350.0,703.6256207285701,-353.6256207285701,0.4974236151855756
2024-04-27,미라시아,2478.0,1597.6159280002435,880.3840719997565,1.5510611509123753
2024-04-27,연회장,287.0,978.1374816263262,-691.1374816263262,0.29341478615338595
2024-04-27,카페테리아,2002.0,2246.8770245617347,-244.87702456173474,0.8910144961718591
2024-04-27,포레스트릿,1470.0,850.1299949265615,619.8700050734385,1.7291473172017486
2024-04-27,화담숲주막,7469.0,3805.234808643159,3663.765191356841,1.9628223685526618
2024-04-27,화담숲카페,4298.0,1572.460117982799,2725.5398820172013,2.7332966673352637
2024-04-28,느티나무 셀프BBQ,497.0,1334.3990692870302,-837.3990692870302,0.37245229814612146
2024-04-28,담하,2779.0,2565.2467461223396,213.75325387766043,1.0833265861074661
2024-04-28,라그로타,427.0,614.7945025880831,-187.7945025880831,0.6945410185069485
2024-04-28,미라시아,2394.0,1848.6169421141049,545.3830578858951,1.2950222111792329
2024-04-28,연회장,0.0,715.8602113899744,-715.8602113899744,0.0
2024-04-28,카페테리아,1652.0,2285.3032341065755,-633.3032341065755,0.7228799991813072
2024-04-28,포레스트릿,1512.0,819.9796428039108,692.0203571960892,1.8439482166041754
2024-04-28,화담숲주막,8183.0,4323.325903360262,3859.6740966397383,1.8927557586255168
2024-04-28,화담숲카페,4648.0,1546.1815280804142,3101.818471919586,3.0061153335407496
2024-04-29,느티나무 셀프BBQ,833.0,1582.1428634996678,-749.1428634996678,0.5265011265527697
2024-04-29,담하,539.0,1872.9591262721337,-1333.9591262721337,0.287779905305678
2024-04-29,라그로타,0.0,406.4941210310432,-406.4941210310432,0.0
2024-04-29,미라시아,721.0,1253.0405023857693,-532.0405023857693,0.57540039498103
2024-04-29,연회장,308.0,1037.9123384752788,-729.9123384752788,0.29674953132598875
2024-04-29,카페테리아,273.0,2038.5948105968612,-1765.5948105968612,0.13391577305157118
2024-04-29,포레스트릿,0.0,361.75514990082246,-361.75514990082246,0.0
2024-04-29,화담숲주막,0.0,3037.336292441259,-3037.336292441259,0.0
2024-04-29,화담숲카페,0.0,1480.4242093812557,-1480.4242093812557,0.0
2024-04-30,느티나무 셀프BBQ,364.0,1571.5823015833353,-1207.5823015833353,0.23161370526588257
2024-04-30,담하,2289.0,2140.05043924122,148.94956075878008,1.0696009580090047
2024-04-30,라그로타,273.0,467.61600930129435,-194.61600930129435,0.5838123472460085
2024-04-30,미라시아,1267.0,1252.9157741052798,14.084225894720248,1.0112411593706512
2024-04-30,연회장,147.0,1032.9866448861605,-885.9866448861605,0.14230580881924182
2024-04-30,카페테리아,4060.0,2028.6503729200513,2031.3496270799487,2.0013305664672085
2024-04-30,포레스트릿,0.0,317.9472632595338,-317.9472632595338,0.0
2024-04-30,화담숲주막,2478.0,2938.3744679889282,-460.37446798892825,0.843323418099254
2024-04-30,화담숲카페,2002.0,991.3015962399451,1010.6984037600549,2.019567009267092
2024-05-01,느티나무 셀프BBQ,364.0,1322.8437286756186,-958.8437286756186,0.27516477729718164
2024-05-01,담하,1694.0,1757.8973750318994,-63.8973750318994,0.9636512483951233
2024-05-01,라그로타,364.0,414.8223580953022,-50.82235809530221,0.8774840432211559
2024-05-01,미라시아,2219.0,1479.4359906561165,739.5640093438835,1.4998959157509029
2024-05-01,연회장,14.0,836.2781246678576,-822.2781246678576,0.01674084205605682
2024-05-01,카페테리아,1484.0,2419.1123979340873,-935.1123979340873,0.6134481396016698
2024-05-01,포레스트릿,0.0,282.71132885655294,-282.71132885655294,0.0
2024-05-01,화담숲주막,6265.0,2435.644551236076,3829.355448763924,2.572214404938745
2024-05-01,화담숲카페,2996.0,1148.4176175538478,1847.5823824461522,2.60880707001129
2024-05-02,느티나무 셀프BBQ,196.0,2489.4288998596107,-2293.4288998596107,0.07873291742176419
2024-05-02,담하,1022.0,1935.152227522257,-913.1522275222569,0.5281238268828883
2024-05-02,라그로타,245.0,414.8165895049725,-169.8165895049725,0.5906224731570509
2024-05-02,미라시아,1099.0,1402.3612128676205,-303.36121286762045,0.7836782634287982
2024-05-02,연회장,21.0,909.2025748912209,-888.2025748912209,0.023097162920499303
2024-05-02,카페테리아,224.0,1818.826286661993,-1594.826286661993,0.12315634628917572
2024-05-02,포레스트릿,0.0,301.3570683166483,-301.3570683166483,0.0
2024-05-02,화담숲주막,2065.0,2867.4947626331486,-802.4947626331486,0.720140809639618
2024-05-02,화담숲카페,1274.0,1269.1270505261407,4.8729494738593075,1.0038396072889937
2024-05-03,느티나무 셀프BBQ,686.0,2150.2466192391853,-1464.2466192391853,0.31903317222408895
2024-05-03,담하,1071.0,2496.369479395261,-1425.369479395261,0.4290230307812636
2024-05-03,라그로타,266.0,499.9274541210168,-233.9274541210168,0.5320772000163242
2024-05-03,미라시아,1582.0,1760.3564986743202,-178.35649867432016,0.8986816029544947
2024-05-03,연회장,378.0,943.6445898537924,-565.6445898537924,0.40057454264488185
2024-05-03,카페테리아,1988.0,2251.888195654468,-263.88819565446784,0.8828146991650383
2024-05-03,포레스트릿,35.0,357.16131819166736,-322.16131819166736,0.09799493455004434
2024-05-03,화담숲주막,2198.0,2825.0669274113943,-627.0669274113943,0.7780346648332417
2024-05-03,화담숲카페,1659.0,1741.4378112153845,-82.4378112153845,0.9526610650782588
2024-05-04,느티나무 셀프BBQ,1372.0,1566.9554116690822,-194.9554116690822,0.8755833061890251
2024-05-04,담하,2331.0,3527.75332605855,-1196.75332605855,0.6607604853722452
2024-05-04,라그로타,441.0,705.1369483952981,-264.1369483952981,0.6254104270150604
2024-05-04,미라시아,2387.0,1966.5815407022642,420.4184592977358,1.213781351343105
2024-05-04,연회장,308.0,938.3348631616295,-630.3348631616295,0.32824102790151427
2024-05-04,카페테리아,1953.0,2290.395897101302,-337.3958971013021,0.8526910140171372
2024-05-04,포레스트릿,2023.0,785.5153501585934,1237.4846498414067,2.575379334842485
2024-05-04,화담숲주막,6447.0,3703.1581602271276,2743.8418397728724,1.7409464357321922
2024-05-04,화담숲카페,3983.0,1766.3723302063718,2216.6276697936282,2.254903981390295
2024-05-05,느티나무 셀프BBQ,756.0,1396.191897538982,-640.191897538982,0.5414728457689623
2024-05-05,담하,2870.0,2774.326739561122,95.67326043887806,1.0344852172869923
2024-05-05,라그로타,616.0,598.5141357554434,17.485864244556637,1.0292154574135264
2024-05-05,미라시아,3073.0,2107.158228764878,965.841771235122,1.4583622425930753
2024-05-05,연회장,259.0,763.1015946304545,-504.10159463045454,0.3394043490702248
2024-05-05,카페테리아,462.0,2174.215759053126,-1712.215759053126,0.2124904108878328
2024-05-05,포레스트릿,49.0,644.5510199530739,-595.5510199530739,0.07602191057515882
2024-05-05,화담숲주막,2793.0,3695.1631917490163,-902.1631917490163,0.7558529502124643
2024-05-05,화담숲카페,644.0,1696.1254627123851,-1052.1254627123851,0.3796888933971532
2024-05-06,느티나무 셀프BBQ,126.0,1482.5686969522417,-1356.5686969522417,0.08498763009027625
2024-05-06,담하,1169.0,2272.0778204203407,-1103.0778204203407,0.5145070250207062
2024-05-06,라그로타,112.0,397.6384221473542,-285.6384221473542,0.28166292229802625
2024-05-06,미라시아,2079.0,1642.0055178306193,436.9944821693807,1.2661346002946008
2024-05-06,연회장,0.0,757.8542318091969,-757.8542318091969,0.0
2024-05-06,카페테리아,378.0,2559.0974229362487,-2181.0974229362487,0.14770832740173354
2024-05-06,포레스트릿,14.0,527.3432010734778,-513.3432010734778,0.02654817578286991
2024-05-06,화담숲주막,1337.0,4022.1948017725003,-2685.1948017725003,0.3324055810053782
2024-05-06,화담숲카페,371.0,1889.8654178300567,-1518.8654178300567,0.19631027505968238
2024-05-07,느티나무 셀프BBQ,98.0,1539.9145605993788,-1441.9145605993788,0.06363989438599477
2024-05-07,담하,574.0,1838.9570261166514,-1264.9570261166514,0.3121334494760451
2024-05-07,라그로타,196.0,357.59755812106476,-161.59755812106476,0.548102176731431
2024-05-07,미라시아,1519.0,1314.2080735523432,204.7919264476568,1.155829149560844
2024-05-07,연회장,343.0,1042.4684094385482,-699.4684094385482,0.32902675696881084
2024-05-07,카페테리아,175.0,2316.9970808856815,-2141.9970808856815,0.07552879606266294
2024-05-07,포레스트릿,0.0,273.82526423027525,-273.82526423027525,0.0
2024-05-07,화담숲주막,777.0,2613.3418256428804,-1836.3418256428804,0.29732046239640253
2024-05-07,화담숲카페,231.0,1088.6875048105514,-857.6875048105514,0.21218209906817806
2024-05-08,느티나무 셀프BBQ,959.0,1225.8656534352485,-266.86565343524853,0.7823043229187393
2024-05-08,담하,777.0,1633.751673506255,-856.751673506255,0.47559247381363134
2024-05-08,라그로타,287.0,343.4477974573836,-56.447797457383615,0.8356437342871943
2024-05-08,미라시아,1190.0,1708.738759364106,-518.738759364106,0.6964200896589069
2024-05-08,연회장,28.0,898.0177845937751,-870.0177845937751,0.031179783385543978
2024-05-08,카페테리아,273.0,2291.0927992958186,-2018.0927992958186,0.1191571114377856
2024-05-08,포레스트릿,0.0,273.067945515454,-273.067945515454,0.0
2024-05-08,화담숲주막,1337.0,3377.897498291746,-2040.8974982917462,0.39580833955919065
2024-05-08,화담숲카페,840.0,1128.3719251342688,-288.37192513426885,0.7444353951823514
2024-05-09,느티나무 셀프BBQ,3045.0,2558.3485021406746,486.65149785932545,1.1902209560003745
2024-05-09,담하,1491.0,1794.5979161420696,-303.5979161420696,0.8308267755070572
2024-05-09,라그로타,112.0,339.04363192628847,-227.04363192628847,0.3303409633847656
2024-05-09,미라시아,574.0,1471.1701100673354,-897.1701100673354,0.39016562127796905
2024-05-09,연회장,427.0,1138.3035466260371,-711.3035466260371,0.37511962539837435
2024-05-09,카페테리아,1386.0,1990.841737361507,-604.8417373615071,0.6961879359817356
2024-05-09,포레스트릿,0.0,283.93661767770885,-283.93661767770885,0.0
2024-05-09,화담숲주막,1470.0,2408.0176708111926,-938.0176708111926,0.6104606364889336
2024-05-09,화담숲카페,1302.0,1326.2840315272904,-24.28403152729038,0.9816901727307039
2024-05-10,느티나무 셀프BBQ,637.0,2366.9803257549306,-1729.9803257549306,0.2691192626608899
2024-05-10,담하,2793.0,2173.7629511618957,619.2370488381043,1.284868710503653
2024-05-10,라그로타,434.0,446.679620335399,-12.679620335399022,0.9716136135204059
2024-05-10,미라시아,952.0,1743.4927785273126,-791.4927785273126,0.5460303660128332
2024-05-10,연회장,756.0,994.2784604770656,-238.27846047706555,0.7603503747202399
2024-05-10,카페테리아,2576.0,2538.6808273381107,37.3191726618893,1.0147002223595865
2024-05-10,포레스트릿,161.0,296.0287353603254,-135.0287353603254,0.5438661209832594
2024-05-10,화담숲주막,1526.0,2228.473760299972,-702.4737602999721,0.6847736002934075
2024-05-10,화담숲카페,1351.0,1497.2769053871887,-146.27690538718866,0.9023047073918754
2024-05-11,느티나무 셀프BBQ,973.0,1746.4343454867596,-773.4343454867596,0.557135172309503
2024-05-11,담하,3311.0,3137.4559721170695,173.54402788293055,1.055313613776651
2024-05-11,라그로타,588.0,647.3509381177471,-59.35093811774709,0.908317213086433
2024-05-11,미라시아,1330.0,2030.1706652068099,-700.1706652068099,0.6551173370759523
2024-05-11,연회장,343.0,960.2096557677537,-617.2096557677537,0.3572136542677733
2024-05-11,카페테리아,994.0,2472.8825356866596,-1478.8825356866596,0.40196005497850723
2024-05-11,포레스트릿,511.0,868.4180955587746,-357.41809555877455,0.5884262460827724
2024-05-11,화담숲주막,4333.0,4439.590804992249,-106.5908049922491,0.9759908492304314
2024-05-11,화담숲카페,1365.0,2345.729852996384,-980.7298529963841,0.5819084402478737
2024-05-12,느티나무 셀프BBQ,287.0,1407.4484695951467,-1120.4484695951467,0.20391510325245207
2024-05-12,담하,2387.0,2747.2781594474764,-360.27815944747636,0.8688599630115597
2024-05-12,라그로타,98.0,521.4015021996394,-423.40150219963937,0.18795496289628408
2024-05-12,미라시아,2156.0,2127.3750009349537,28.624999065046268,1.013455549234369
2024-05-12,연회장,0.0,705.9347849683412,-705.9347849683412,0.0
2024-05-12,카페테리아,798.0,2288.411861283965,-1490.4118612839652,0.3487134521109605
2024-05-12,포레스트릿,1085.0,955.1843074831667,129.81569251683334,1.1359064334493594
2024-05-12,화담숲주막,4564.0,3774.2610674029156,789.7389325970844,1.2092433243205687
2024-05-12,화담숲카페,1897.0,1617.2296549127414,279.77034508725865,1.1729935783933878
2024-05-13,느티나무 셀프BBQ,0.0,2177.276028792837,-2177.276028792837,0.0
2024-05-13,담하,483.0,1764.5947005599346,-1281.5947005599346,0.2737172450119771
2024-05-13,라그로타,0.0,347.18727967781734,-347.18727967781734,0.0
2024-05-13,미라시아,826.0,1463.6503354982265,-637.6503354982265,0.5643424388782241
2024-05-13,연회장,0.0,892.6492177455242,-892.6492177455242,0.0
2024-05-13,카페테리아,42.0,2287.493427813053,-2245.493427813053,0.018360708489621277
2024-05-13,포레스트릿,0.0,314.63651319061483,-314.63651319061483,0.0
2024-05-13,화담숲주막,0.0,2231.1703934828174,-2231.1703934828174,0.0
2024-05-13,화담숲카페,0.0,1424.386358713701,-1424.386358713701,0.0
2024-05-14,느티나무 셀프BBQ,392.0,1803.9870056131056,-1411.9870056131056,0.21729646542923647
2024-05-14,담하,1155.0,2034.873611120057,-879.8736111200569,0.5676028199924675
2024-05-14,라그로타,217.0,434.6304552959057,-217.63045529590568,0.49927472259683636
2024-05-14,미라시아,917.0,1495.7988514830154,-578.7988514830154,0.6130503436948337
2024-05-14,연회장,112.0,968.351409940201,-856.351409940201,0.11566049148099694
2024-05-14,카페테리아,392.0,2264.8563259159655,-1872.8563259159655,0.1730794114904685
2024-05-14,포레스트릿,0.0,331.5605979032469,-331.5605979032469,0.0
2024-05-14,화담숲주막,1876.0,1932.1243664530637,-56.12436645306366,0.9709519907581855
2024-05-14,화담숲카페,1386.0,1053.5612995958563,332.4387004041437,1.3155380712367344
2024-05-15,느티나무 셀프BBQ,280.0,1327.0501950735413,-1047.0501950735413,0.21099427967340995
2024-05-15,담하,1722.0,2192.527941609992,-470.527941609992,0.785394779842815
2024-05-15,라그로타,322.0,428.43238940513857,-106.43238940513857,0.7515771635451846
2024-05-15,미라시아,2163.0,1364.998640054908,798.001359945092,1.584616963364148
2024-05-15,연회장,0.0,739.9212483921339,-739.9212483921339,0.0
2024-05-15,카페테리아,959.0,2792.2296694081056,-1833.2296694081056,0.34345312296724073
2024-05-15,포레스트릿,455.0,421.6877724966575,33.31222750334251,1.0789973759640057
2024-05-15,화담숲주막,2933.0,2471.4463932724666,461.5536067275334,1.1867544479151684
2024-05-15,화담숲카페,1148.0,1461.355953763925,-313.3559537639251,0.7855717814972913
2024-05-16,느티나무 셀프BBQ,1862.0,3082.309101621583,-1220.309101621583,0.6040925613269654
2024-05-16,담하,1162.0,1921.864064116525,-759.864064116525,0.6046213266046825
2024-05-16,라그로타,112.0,339.0119482558984,-227.0119482558984,0.3303718366747899
2024-05-16,미라시아,1106.0,1237.9677571674354,-131.96775716743537,0.8933996815317811
2024-05-16,연회장,315.0,862.8952292069553,-547.8952292069553,0.3650501119232066
2024-05-16,카페테리아,399.0,2083.6875849632324,-1684.6875849632324,0.1914874393260065
2024-05-16,포레스트릿,0.0,263.57940737175505,-263.57940737175505,0.0
2024-05-16,화담숲주막,2121.0,1799.5860805425532,321.4139194574468,1.178604359598372
2024-05-16,화담숲카페,735.0,1152.9137303561047,-417.9137303561047,0.6375151762421789
2024-05-17,느티나무 셀프BBQ,2352.0,2031.791520836956,320.2084791630441,1.157599082326685
2024-05-17,담하,1260.0,2724.561611599472,-1464.5616115994721,0.46245971999154334
2024-05-17,라그로타,252.0,438.3763715441423,-186.37637154414227,0.5748485008723261
2024-05-17,미라시아,1393.0,1699.6566707370976,-306.65667073709756,0.8195772852148379
2024-05-17,연회장,868.0,867.8282598352754,0.17174016472461062,1.0001978964879032
2024-05-17,카페테리아,1106.0,2979.9040640773273,-1873.9040640773273,0.37115288821972614
2024-05-17,포레스트릿,35.0,292.4281785419231,-257.4281785419231,0.11968750814136173
2024-05-17,화담숲주막,1876.0,2379.1341887795643,-503.1341887795643,0.788522147614692
2024-05-17,화담숲카페,1477.0,1334.6174997154735,142.3825002845265,1.1066841250881851
2024-05-18,느티나무 셀프BBQ,595.0,1581.2153340211396,-986.2153340211396,0.37629283450399764
2024-05-18,담하,1848.0,3462.4833008321857,-1614.4833008321857,0.5337209856162614
2024-05-18,라그로타,329.0,630.6010495488911,-301.60104954889107,0.5217244726049133
2024-05-18,미라시아,1974.0,1868.6799955219496,105.32000447805035,1.0563606421272964
2024-05-18,연회장,273.0,836.7419371474103,-563.7419371474103,0.32626546833627285
2024-05-18,카페테리아,1064.0,2302.5883983945464,-1238.5883983945464,0.46208866540883375
2024-05-18,포레스트릿,1092.0,931.76542619552,160.23457380447996,1.1719687909635494
2024-05-18,화담숲주막,5187.0,4592.839565369831,594.1604346301692,1.129366686158637
2024-05-18,화담숲카페,3003.0,2009.6601824157178,993.3398175842822,1.4942824793345089
2024-05-19,느티나무 셀프BBQ,294.0,1365.2353334836334,-1071.2353334836334,0.21534748829698708
2024-05-19,담하,1981.0,2722.4423124038476,-741.4423124038476,0.7276554551676899
2024-05-19,라그로타,343.0,498.1960151588894,-155.1960151588894,0.6884840295051481
2024-05-19,미라시아,2219.0,2094.6504277557833,124.34957224421669,1.0593653101235825
2024-05-19,연회장,77.0,688.0850847966817,-611.0850847966817,0.11190476541538796
2024-05-19,카페테리아,1197.0,2073.4817068244997,-876.4817068244997,0.5772898772438094
2024-05-19,포레스트릿,1099.0,904.5427134812182,194.45728651878176,1.2149785561484372
2024-05-19,화담숲주막,3668.0,4008.987472609134,-340.9874726091339,0.9149442409239528
2024-05-19,화담숲카페,2016.0,2104.0370758871964,-88.03707588719635,0.9581580206470106
2024-05-20,느티나무 셀프BBQ,0.0,1647.5493158066502,-1647.5493158066502,0.0
2024-05-20,담하,1484.0,1600.2651701369277,-116.26517013692774,0.9273463096575554
2024-05-20,라그로타,0.0,337.9066957702387,-337.9066957702387,0.0
2024-05-20,미라시아,994.0,1442.339365683598,-448.3393656835981,0.6891581992764184
2024-05-20,연회장,35.0,747.8256002546037,-712.8256002546037,0.04680235604141386
2024-05-20,카페테리아,1617.0,1631.9244970580246,-14.924497058024599,0.9908546644866659
2024-05-20,포레스트릿,0.0,285.51739881610007,-285.51739881610007,0.0
2024-05-20,화담숲주막,0.0,1653.214343610663,-1653.214343610663,0.0
2024-05-20,화담숲카페,0.0,1174.677930146635,-1174.677930146635,0.0
2024-05-21,느티나무 셀프BBQ,182.0,1160.0832805962107,-978.0832805962107,0.156885288361766
2024-05-21,담하,1939.0,1545.1476655153178,393.85233448468216,1.254896242782938
2024-05-21,라그로타,273.0,325.5759041526696,-52.57590415266958,0.8385141422259075
2024-05-21,미라시아,714.0,1141.7630586291589,-427.7630586291589,0.6253486610937068
2024-05-21,연회장,14.0,895.1267696748477,-881.1267696748477,0.015640242783807552
2024-05-21,카페테리아,350.0,2168.167985748502,-1818.167985748502,0.1614266063794738
2024-05-21,포레스트릿,0.0,212.50266432666626,-212.50266432666626,0.0
2024-05-21,화담숲주막,1792.0,1475.78628788705,316.2137121129499,1.214267956484192
2024-05-21,화담숲카페,1225.0,849.3190463845807,375.6809536154193,1.44233195430461
2024-05-22,느티나무 셀프BBQ,742.0,1596.738003471671,-854.7380034716709,0.4646974008176191
2024-05-22,담하,1736.0,1489.363973811488,246.636026188512,1.1655982221440044
2024-05-22,라그로타,371.0,340.4470383205706,30.552961679429416,1.089743655371912
2024-05-22,미라시아,1106.0,1368.8070510920256,-262.80705109202563,0.8080028511817208
2024-05-22,연회장,189.0,797.7991909306809,-608.7991909306809,0.23690171931550857
2024-05-22,카페테리아,1113.0,2374.4310050363024,-1261.4310050363024,0.46874387911851895
2024-05-22,포레스트릿,0.0,299.87859071915204,-299.87859071915204,0.0
2024-05-22,화담숲주막,1568.0,2037.760836166299,-469.760836166299,0.7694720460669593
2024-05-22,화담숲카페,763.0,871.293875776789,-108.29387577678904,0.8757091277839624
2024-05-23,느티나무 셀프BBQ,3472.0,2087.284810316994,1384.715189683006,1.663405004836264
2024-05-23,담하,3808.0,1602.7417534896153,2205.2582465103847,2.3759286183871624
2024-05-23,라그로타,259.0,336.36996962864504,-77.36996962864504,0.7699855022311829
2024-05-23,미라시아,546.0,1257.731454655553,-711.7314546555531,0.4341149280945109
2024-05-23,연회장,770.0,738.2953509744924,31.704649025507592,1.0429430430296762
2024-05-23,카페테리아,2569.0,2005.9462232211677,563.0537767788323,1.280692358678826
2024-05-23,포레스트릿,0.0,238.04694779244113,-238.04694779244113,0.0
2024-05-23,화담숲주막,1624.0,1422.998024027277,201.0019759727229,1.1412524631649594
2024-05-23,화담숲카페,1365.0,820.986847185583,544.013152814417,1.6626332135275288
2024-05-24,느티나무 셀프BBQ,2198.0,2024.3120803145348,173.6879196854652,1.085800959928312
2024-05-24,담하,2905.0,2247.0812223643434,657.9187776356566,1.2927881605202525
2024-05-24,라그로타,385.0,417.47887032791414,-32.47887032791414,0.9222023612778218
2024-05-24,미라시아,1218.0,1647.8264859016801,-429.82648590168014,0.739155493870775
2024-05-24,연회장,140.0,746.1207143371187,-606.1207143371187,0.18763719772125773
2024-05-24,카페테리아,2506.0,2569.3238661879636,-63.32386618796363,0.9753538792748944
2024-05-24,포레스트릿,14.0,294.20732923222323,-280.20732923222323,0.047585490261357645
2024-05-24,화담숲주막,1855.0,1624.8412993192119,230.15870068078812,1.141649957307967
2024-05-24,화담숲카페,1141.0,1185.5632945546956,-44.56329455469563,0.9624117120027457
2024-05-25,느티나무 셀프BBQ,945.0,1380.184250034302,-435.18425003430207,0.6846911924813761
2024-05-25,담하,2058.0,2953.2530729193627,-895.2530729193627,0.6968586670987924
2024-05-25,라그로타,448.0,619.0647542555579,-171.0647542555579,0.7236722764789478
2024-05-25,미라시아,2002.0,1739.4127120957785,262.5872879042215,1.1509631877921809
2024-05-25,연회장,574.0,716.0102947415454,-142.0102947415454,0.8016644512174143
2024-05-25,카페테리아,2058.0,1892.942156551009,165.05784344899098,1.0871964538788288
2024-05-25,포레스트릿,1036.0,748.9567954053853,287.04320459461474,1.3832573605787872
2024-05-25,화담숲주막,4088.0,3413.534966725822,674.465033274178,1.1975855058901326
2024-05-25,화담숲카페,2709.0,1710.5565054841259,998.4434945158741,1.5836951257177512
2024-05-26,느티나무 셀프BBQ,301.0,1129.5023327486872,-828.5023327486872,0.2664890467888676
2024-05-26,담하,1316.0,2375.2070586195055,-1059.2070586195055,0.5540569590446033
2024-05-26,라그로타,175.0,465.6046780555962,-290.6046780555962,0.37585533017154066
2024-05-26,미라시아,2415.0,1935.4479369468304,479.5520630531696,1.2477731660453049
2024-05-26,연회장,0.0,568.5250728819319,-568.5250728819319,0.0
2024-05-26,카페테리아,707.0,1684.5602817237468,-977.5602817237468,0.4196940932719568
2024-05-26,포레스트릿,371.0,670.0493969193211,-299.0493969193211,0.5536905214835544
2024-05-26,화담숲주막,2800.0,2563.9595314297294,236.0404685702706,1.0920609181528884
2024-05-26,화담숲카페,987.0,1161.5831360681757,-174.5831360681757,0.8497024184948833
2024-05-27,느티나무 셀프BBQ,133.0,1616.5320178644556,-1483.5320178644556,0.08227489374179034
2024-05-27,담하,651.0,1675.0404162887419,-1024.0404162887419,0.3886473386966809
2024-05-27,라그로타,0.0,327.56148420738486,-327.56148420738486,0.0
2024-05-27,미라시아,777.0,1387.2927086234959,-610.2927086234959,0.5600836760476868
2024-05-27,연회장,56.0,738.4613489305588,-682.4613489305588,0.0758333527964589
2024-05-27,카페테리아,812.0,1712.5704230788576,-900.5704230788576,0.47414108585396864
2024-05-27,포레스트릿,0.0,276.4788402369058,-276.4788402369058,0.0
2024-05-27,화담숲주막,0.0,1408.1736927330896,-1408.1736927330896,0.0
2024-05-27,화담숲카페,0.0,937.8015073103599,-937.8015073103599,0.0
2024-05-28,느티나무 셀프BBQ,546.0,1095.5989371372332,-549.5989371372332,0.49835754808842864
2024-05-28,담하,1596.0,1661.8353825113852,-65.8353825113852,0.9603839326059517
2024-05-28,라그로타,182.0,348.4138650745737,-166.41386507457372,0.5223672713514003
2024-05-28,미라시아,1211.0,1084.0967868992375,126.90321310076251,1.1170589329608978
2024-05-28,연회장,231.0,645.7710647747541,-414.7710647747541,0.3577119084463364
2024-05-28,카페테리아,1638.0,1816.737469504585,-178.73746950458508,0.9016162365202244
2024-05-28,포레스트릿,0.0,218.57399758859353,-218.57399758859353,0.0
2024-05-28,화담숲주막,1134.0,927.6347000595362,206.36529994046384,1.2224639720002057
2024-05-28,화담숲카페,1246.0,639.8387601113515,606.1612398886485,1.947365614085583
2024-05-29,느티나무 셀프BBQ,917.0,1261.9105791862364,-344.9105791862364,0.7266758953644262
2024-05-29,담하,1260.0,1739.5093101211048,-479.5093101211048,0.7243421996472549
2024-05-29,라그로타,105.0,364.55472281166243,-259.55472281166243,0.28802260245095074
2024-05-29,미라시아,1519.0,1291.706683701444,227.29331629855596,1.1759635675548543
2024-05-29,연회장,791.0,540.434865201307,250.56513479869295,1.4636361399543676
2024-05-29,카페테리아,336.0,1558.6379385660832,-1222.6379385660832,0.21557283554198192
2024-05-29,포레스트릿,0.0,256.32680518683424,-256.32680518683424,0.0
2024-05-29,화담숲주막,1043.0,1423.8887052446114,-380.8887052446114,0.732501069892834
2024-05-29,화담숲카페,938.0,659.8512090706514,278.1487909293486,1.4215325926599411
2024-05-30,느티나무 셀프BBQ,2387.0,2147.4228588168585,239.57714118314152,1.1115649580610028
2024-05-30,담하,1456.0,2000.4007989652555,-544.4007989652555,0.7278541384072347
2024-05-30,라그로타,700.0,395.69074786549726,304.30925213450274,1.7690582955908365
2024-05-30,미라시아,1631.0,1068.8625362327532,562.1374637672468,1.525921196329438
2024-05-30,연회장,791.0,683.0748683885365,107.92513161146348,1.15799897874456
2024-05-30,카페테리아,2324.0,1550.4911247875596,773.5088752124404,1.498879911562488
2024-05-30,포레스트릿,0.0,239.1444762093229,-239.1444762093229,0.0
2024-05-30,화담숲주막,1211.0,971.0695762235981,239.93042377640188,1.2470785097700925
2024-05-30,화담숲카페,1113.0,689.3396909681112,423.6603090318888,1.6145885904769226
2024-05-31,느티나무 셀프BBQ,2590.0,1604.1459711144582,985.8540288855418,1.6145662842644135
2024-05-31,담하,2653.0,2825.633678292118,-172.63367829211802,0.9389044377484692
2024-05-31,라그로타,245.0,539.6458861749984,-294.6458861749984,0.4540014225561065
2024-05-31,미라시아,1981.0,1408.1559080043457,572.8440919956543,1.4068044516515896
2024-05-31,연회장,1022.0,851.2184127763609,170.78158722363912,1.200631923205952
2024-05-31,카페테리아,4277.0,2692.0815512326326,1584.9184487673674,1.5887334460732347
2024-05-31,포레스트릿,0.0,305.4310638526171,-305.4310638526171,0.0
2024-05-31,화담숲주막,2072.0,1193.0992393313245,878.9007606686755,1.7366535252853381
2024-05-31,화담숲카페,1218.0,825.800957963334,392.199042036666,1.4749316869333056
2024-06-01,느티나무 셀프BBQ,1029.0,1588.5257955939783,-559.5257955939783,0.647770406281151
2024-06-01,담하,2709.0,2968.887385476594,-259.88738547659386,0.9124630369114273
2024-06-01,라그로타,413.0,662.2507971937458,-249.25079719374583,0.623630808373605
2024-06-01,미라시아,2261.0,1830.4301169772536,430.56988302274635,1.2352288017057889
2024-06-01,연회장,224.0,914.2826155712287,-690.2826155712287,0.24500083036146159
2024-06-01,카페테리아,1162.0,2203.6320242378224,-1041.6320242378224,0.5273112694039309
2024-06-01,포레스트릿,791.0,795.6639728695837,-4.663972869583745,0.9941382631002343
2024-06-01,화담숲주막,4011.0,3456.0136215888297,554.9863784111703,1.160585703408202
2024-06-01,화담숲카페,2527.0,1881.6691310277065,645.3308689722935,1.3429566114101232
2024-06-02,느티나무 셀프BBQ,329.0,1555.1920306258874,-1226.1920306258874,0.21154943796078604
2024-06-02,담하,798.0,2813.749473157057,-2015.7494731570569,0.2836073387530964
2024-06-02,라그로타,112.0,518.1231023481959,-406.12310234819586,0.21616484478766262
2024-06-02,미라시아,1834.0,2324.714169096076,-490.71416909607615,0.7889141918522905
2024-06-02,연회장,0.0,739.3671783083786,-739.3671783083786,0.0
2024-06-02,카페테리아,749.0,2323.439754066625,-1574.439754066625,0.3223668695041715
2024-06-02,포레스트릿,1148.0,839.1453558552654,308.8546441447346,1.368058575298849
2024-06-02,화담숲주막,3395.0,3353.0417632867634,41.9582367132366,1.012513484673125
2024-06-02,화담숲카페,1596.0,1575.129549621019,20.870450378981104,1.0132499897446547
2024-06-03,느티나무 셀프BBQ,0.0,1710.1804191441981,-1710.1804191441981,0.0
2024-06-03,담하,518.0,2360.165079589511,-1842.1650795895112,0.21947617328957877
2024-06-03,라그로타,0.0,442.5210788803104,-442.5210788803104,0.0
2024-06-03,미라시아,378.0,1894.9077793638505,-1516.9077793638505,0.1994820033547492
2024-06-03,연회장,217.0,880.7103252998736,-663.7103252998736,0.24639202444471572
2024-06-03,카페테리아,378.0,2427.9108632734396,-2049.9108632734396,0.1556894059489318
2024-06-03,포레스트릿,0.0,430.3429500953317,-430.3429500953317,0.0
2024-06-03,화담숲주막,0.0,2210.8352610242055,-2210.8352610242055,0.0
2024-06-03,화담숲카페,0.0,1455.5044931530638,-1455.5044931530638,0.0
2024-06-04,느티나무 셀프BBQ,21.0,1587.126716630603,-1566.126716630603,0.013231457690147158
2024-06-04,담하,1680.0,2069.392245506526,-389.3922455065258,0.8118325579154695
2024-06-04,라그로타,105.0,450.8090278361475,-345.8090278361475,0.2329145902512042
2024-06-04,미라시아,1064.0,1496.3385936229859,-432.33859362298585,0.7110690084012383
2024-06-04,연회장,875.0,868.2719560262516,6.728043973748413,1.0077487749397551
2024-06-04,카페테리아,1771.0,1981.9469608238505,-210.94696082385053,0.8935657890985313
2024-06-04,포레스트릿,0.0,356.4253454606643,-356.4253454606643,0.0
2024-06-04,화담숲주막,1015.0,1483.4114968450808,-468.4114968450808,0.6842336075719392
2024-06-04,화담숲카페,1449.0,939.1576008826133,509.84239911738666,1.5428720362144124
2024-06-05,느티나무 셀프BBQ,3325.0,1698.5355102149142,1626.4644897850858,1.9575687290631272
2024-06-05,담하,1701.0,2034.7320349477438,-333.73203494774384,0.8359823164840894
2024-06-05,라그로타,168.0,484.73448721325286,-316.73448721325286,0.3465814882820386
2024-06-05,미라시아,840.0,1865.9774685612765,-1025.9774685612765,0.45016620733778995
2024-06-05,연회장,161.0,887.5071598407841,-726.5071598407841,0.18140698721673737
2024-06-05,카페테리아,1736.0,2224.4894272558486,-488.48942725584857,0.7804037990603292
2024-06-05,포레스트릿,0.0,418.0412867242613,-418.0412867242613,0.0
2024-06-05,화담숲주막,1190.0,1346.440723158783,-156.44072315878293,0.8838116521076627
2024-06-05,화담숲카페,847.0,802.2012169046391,44.79878309536093,1.0558448206650954
2024-06-06,느티나무 셀프BBQ,658.0,2072.749467350155,-1414.749467350155,0.3174527410884831
2024-06-06,담하,1904.0,2407.9714943098606,-503.97149430986065,0.7907070347382572
2024-06-06,라그로타,511.0,458.2822399675179,52.71776003248209,1.1150333908558592
2024-06-06,미라시아,2506.0,1566.80420808558,939.1957919144199,1.599434049939136
2024-06-06,연회장,189.0,990.2242907383835,-801.2242907383835,0.19086584904826745
2024-06-06,카페테리아,2247.0,2276.2809261413686,-29.28092614136858,0.9871365059535934
2024-06-06,포레스트릿,1568.0,587.742673576609,980.257326423391,2.667834190868259
2024-06-06,화담숲주막,5012.0,1784.0072908545803,3227.9927091454197,2.8094055588747833
2024-06-06,화담숲카페,3976.0,1157.7870703907572,2818.2129296092426,3.4341375039350597
2024-06-07,느티나무 셀프BBQ,798.0,2053.829389685315,-1255.8293896853152,0.3885424972530306
2024-06-07,담하,2128.0,2409.8513993891684,-281.85139938916836,0.8830420002409236
2024-06-07,라그로타,315.0,404.18108541940535,-89.18108541940535,0.7793536396517292
2024-06-07,미라시아,2695.0,1416.3387869608823,1278.6612130391177,1.902793332224427
2024-06-07,연회장,105.0,694.3477277447306,-589.3477277447306,0.15122106086678533
2024-06-07,카페테리아,1862.0,2839.763325693835,-977.7633256938352,0.6556884452844535
2024-06-07,포레스트릿,70.0,273.1190718866868,-203.1190718866868,0.25629846907594206
2024-06-07,화담숲주막,2954.0,1454.1636657931108,1499.8363342068892,2.0314082035524303
2024-06-07,화담숲카페,2051.0,819.2730302979515,1231.7269697020483,2.5034389320176893
2024-06-08,느티나무 셀프BBQ,833.0,1504.98809817765,-671.98809817765,0.5534927492175237
2024-06-08,담하,1505.0,2703.5931744072973,-1198.5931744072973,0.556666592535668
2024-06-08,라그로타,567.0,547.8219991961663,19.178000803833697,1.0350077230048704
2024-06-08,미라시아,2212.0,1723.6097104712687,488.3902895287313,1.283353178252399
2024-06-08,연회장,217.0,849.449236434363,-632.449236434363,0.255459644546714
2024-06-08,카페테리아,791.0,2413.1855524700945,-1622.1855524700945,0.3277825027546457
2024-06-08,포레스트릿,315.0,668.7768190298261,-353.77681902982613,0.47100914839865526
2024-06-08,화담숲주막,2548.0,3041.007624214781,-493.0076242147811,0.8378801748837835
2024-06-08,화담숲카페,1190.0,1730.7683650988633,-540.7683650988633,0.6875558994470216
2024-06-09,느티나무 셀프BBQ,217.0,1337.0993027561203,-1120.0993027561203,0.16229161106636192
2024-06-09,담하,903.0,2036.8500544802966,-1133.8500544802966,0.44333160313580416
2024-06-09,라그로타,364.0,372.8410396095472,-8.841039609547181,0.9762873753951393
2024-06-09,미라시아,1869.0,1675.5827262071416,193.4172737928584,1.1154328406277372
2024-06-09,연회장,0.0,648.8529577484385,-648.8529577484385,0.0
2024-06-09,카페테리아,700.0,1827.0200202840622,-1127.0200202840622,0.38313756402689286
2024-06-09,포레스트릿,1064.0,537.0070766394664,526.9929233605336,1.9813519156179462
2024-06-09,화담숲주막,2898.0,2452.014837479599,445.985162520401,1.181885180996223
2024-06-09,화담숲카페,1631.0,1210.2100690013494,420.78993099865056,1.3476999091123751
2024-06-10,느티나무 셀프BBQ,1914.0,1278.1488285544665,635.8511714455335,1.4974781944326898
2024-06-10,담하,288.0,1303.462448649748,-1015.462448649748,0.2209499784963795
2024-06-10,라그로타,0.0,319.26662151184513,-319.26662151184513,0.0
2024-06-10,미라시아,864.0,847.4644722168498,16.5355277831502,1.0195117651833776
2024-06-10,연회장,594.0,637.817357894751,-43.81735789475101,0.931301089014919
2024-06-10,카페테리아,2004.0,1870.1109236130415,133.88907638695855,1.0715941897864998
2024-06-10,포레스트릿,0.0,248.5794686259046,-248.5794686259046,0.0
2024-06-10,화담숲주막,0.0,1622.244351998608,-1622.244351998608,0.0
2024-06-10,화담숲카페,0.0,912.9802593218391,-912.9802593218391,0.0
2024-06-11,느티나무 셀프BBQ,1190.0,1013.2268392265481,176.77316077345188,1.1744655332150424
2024-06-11,담하,500.0,1079.7166950865744,-579.7166950865744,0.46308443897860513
2024-06-11,라그로타,155.0,242.7988821352734,-87.7988821352734,0.6383884416471202
2024-06-11,미라시아,495.0,748.4835901432112,-253.48359014321125,0.661337144218872
2024-06-11,연회장,480.0,459.4047236861256,20.59527631387442,1.044830353829678
2024-06-11,카페테리아,1130.0,1542.1342373696448,-412.1342373696448,0.7327507376578285
2024-06-11,포레스트릿,0.0,157.2538389259581,-157.2538389259581,0.0
2024-06-11,화담숲주막,710.0,734.7551188487175,-24.75511884871753,0.9663083410871555
2024-06-11,화담숲카페,670.0,482.09932337219306,187.90067662780694,1.3897551137667596
2024-06-12,느티나무 셀프BBQ,1112.0,895.1861686312354,216.81383136876457,1.2421997110391898
2024-06-12,담하,596.0,864.4358535479022,-268.4358535479022,0.6894670062027605
2024-06-12,라그로타,236.0,199.1475626571438,36.852437342856206,1.1850509082368337
2024-06-12,미라시아,508.0,873.5973363399227,-365.59733633992266,0.5815036045420515
2024-06-12,연회장,448.0,433.8279034887458,14.17209651125421,1.032667554109096
2024-06-12,카페테리아,196.0,1392.8094588444055,-1196.8094588444055,0.14072276631623284
2024-06-12,포레스트릿,0.0,130.67053574373054,-130.67053574373054,0.0
2024-06-12,화담숲주막,588.0,668.8993582826274,-80.89935828262742,0.8790560085296938
2024-06-12,화담숲카페,480.0,387.5147428974795,92.4852571025205,1.238662551032254
2024-06-13,느티나무 셀프BBQ,798.0,1045.6229908794512,-247.6229908794512,0.7631813827360655
2024-06-13,담하,393.0,857.0302155739987,-464.0302155739987,0.4585602617718525
2024-06-13,라그로타,60.0,167.1782985808612,-107.1782985808612,0.35889825718604895
2024-06-13,미라시아,204.0,669.3997390350228,-465.3997390350228,0.3047506416630479
2024-06-13,연회장,249.0,377.7559273228723,-128.7559273228723,0.659155772259205
2024-06-13,카페테리아,963.0,1327.087888669004,-364.0878886690041,0.7256490005088027
2024-06-13,포레스트릿,0.0,189.8623392625665,-189.8623392625665,0.0
2024-06-13,화담숲주막,597.0,725.9200450726307,-128.92004507263073,0.8224046216278105
2024-06-13,화담숲카페,471.0,558.5521922291839,-87.5521922291839,0.8432515466822128
2024-06-14,느티나무 셀프BBQ,1206.0,808.9441400247276,397.05585997527237,1.490832234674616
2024-06-14,담하,494.0,675.2391677137194,-181.23916771371944,0.7315926320930494
2024-06-14,라그로타,92.0,126.08600888279379,-34.08600888279379,0.7296606563660902
2024-06-14,미라시아,220.0,580.3369554755541,-360.3369554755541,0.3790901095032319
2024-06-14,연회장,496.0,257.78691117569474,238.21308882430526,1.9240697587704563
2024-06-14,카페테리아,494.0,1053.172736173455,-559.172736173455,0.46905885713949913
2024-06-14,포레스트릿,8.0,80.63380028936416,-72.63380028936416,0.09921397690907574
2024-06-14,화담숲주막,342.0,420.5336387595157,-78.53363875951572,0.8132524213968396
2024-06-14,화담숲카페,318.0,338.3633706533952,-20.36337065339518,0.9398180405459593
2024-06-15,느티나무 셀프BBQ,266.0,227.82607729140483,38.17392270859517,1.1675573014399407
2024-06-15,담하,311.0,383.8627053941929,-72.86270539419291,0.8101855054677183
2024-06-15,라그로타,53.0,82.17502960719831,-29.17502960719831,0.6449647813130491
2024-06-15,미라시아,218.0,295.61288315372826,-77.61288315372826,0.7374509448785862
2024-06-15,연회장,40.0,112.35386197499743,-72.35386197499743,0.35601802463097676
2024-06-15,카페테리아,285.0,373.7820342946419,-88.7820342946419,0.76247645379163
2024-06-15,포레스트릿,71.0,99.08469865896546,-28.084698658965465,0.7165586711261166
2024-06-15,화담숲주막,419.0,363.0020020936839,55.99799790631607,1.1542636062152187
2024-06-15,화담숲카페,312.0,235.256939666616,76.743060333384,1.3262095496189699
